,theta,phi,flux,std
0,194.582,1.139,0.02466497025444387,0.00031800533352015307
1,254.752,10.945,0.0256285618049584,0.000440075200371785
2,192.506,100.056,0.033453316267373676,0.001973100073971558
3,138.521,100.311,0.031532101889072836,0.00196351356420685
4,229.478,100.365,0.034986213520072036,0.001989946298823287
5,129.184,100.651,0.03148893908306702,0.0019535095436328887
6,55.088,100.689,0.034245125632928565,0.0019496208622575624
7,111.561,100.68,0.03168153030442816,0.0019537184242827423
8,62.881,100.945,0.03373780969677402,0.001970144619800579
9,5.441,100.969,0.036756961202930476,0.0019003884347501055
10,97.92,101.088,0.032026208221732855,0.001964733794386204
11,203.509,101.126,0.03391857196859535,0.0019550934020252245
12,175.608,101.38,0.03259154714718003,0.001982551199368296
13,215.523,101.399,0.034421233214281075,0.0019610278219948166
14,244.414,101.484,0.03543050877312583,0.001988759968379442
15,86.346,101.487,0.03245798762387582,0.0019751315576663313
16,330.428,101.577,0.037157639465177486,0.0019996194783373413
17,158.221,101.662,0.031886747496991,0.001974545821439946
18,236.409,101.662,0.035160723443451135,0.001985597824483536
19,348.493,101.898,0.03701791324434148,0.0019669004796237424
20,16.122,102.337,0.03633590948256029,0.0018502888240945438
21,303.501,102.592,0.03695352968311727,0.0019729612121569557
22,40.049,102.731,0.03510774275774301,0.0018717338558253147
23,322.475,102.959,0.03707850623602416,0.001986644366347604
24,27.475,103.044,0.035786849421694134,0.0018364043773846969
25,186.078,103.15,0.033017591596292264,0.001957567720240454
26,313.652,103.448,0.0370055698837925,0.001975334176548359
27,271.172,103.548,0.036165855348104126,0.0019575826545578357
28,150.851,103.578,0.03160589560406517,0.001950373852098876
29,358.995,103.942,0.03673901352615422,0.0019057930869616506
30,284.396,103.973,0.03650010419896539,0.0019500136530550885
31,262.503,104.009,0.03587298335808978,0.0019578979376089567
32,168.993,104.087,0.03218143117228163,0.0019593652308332265
33,124.014,104.136,0.03137304125623661,0.0019223930889345202
34,221.141,104.26,0.03449784832643629,0.0019438671263152343
35,341.633,104.327,0.03693623098712691,0.0019621828164330664
36,196.883,104.411,0.033462663676008066,0.0019308961271387944
37,68.442,104.628,0.03323114532405887,0.0019477277071026674
38,250.139,104.658,0.03544100459038084,0.0019577644163143713
39,297.697,104.847,0.03671850986130405,0.0019465171697719355
40,142.863,104.84,0.03139961070658623,0.0019293436441721816
41,208.39,104.911,0.03394608760709662,0.001922043750968411
42,46.086,105.043,0.03460509305582846,0.0018762165782383517
43,134.048,105.176,0.03130657017120843,0.0019175186741309273
44,80.913,105.409,0.032526128496593386,0.0019435941106867103
45,277.37,105.438,0.03621944675618193,0.0019360281574225245
46,291.29,105.493,0.03655251843893616,0.0019360374917915745
47,9.63,105.542,0.0363636807473216,0.0018417543946085669
48,256.401,105.649,0.035576438874156346,0.0019442616810436272
49,105.032,105.661,0.03161338202679283,0.0019158800261404728
50,90.752,105.836,0.0320717269658364,0.0019308438529628948
51,179.582,106.149,0.03255166176163613,0.0019346286578163223
52,74.673,106.245,0.03279664758475968,0.0019355408365684212
53,334.352,106.316,0.036836866121540586,0.001950946331801201
54,227.339,106.333,0.034593267084321186,0.0019306388817696162
55,118.164,106.374,0.03132145406678532,0.0018997104338269286
56,52.759,106.387,0.034097382794566214,0.0018899330126787375
57,60.144,106.437,0.033628110975537674,0.0019133246851287154
58,162.065,106.475,0.031793054593873056,0.0019310917357785104
59,32.664,106.488,0.03529858653394524,0.0018130236177975102
60,20.726,106.489,0.03588059187884697,0.001804192683481844
61,352.372,106.73,0.03665106591848678,0.0019048021213950719
62,241.695,107.027,0.035015388801805894,0.0019325616168591807
63,111.774,107.04,0.03138763262280705,0.0018951960285604208
64,234.17,107.372,0.03474958201987439,0.0019253863143740084
65,97.54,107.408,0.03173699250655121,0.0019053943185438913
66,308.577,107.462,0.03666568088902674,0.0019273453846651236
67,326.524,107.682,0.03674128998473462,0.0019372898700894935
68,190.35,107.684,0.0329676629115678,0.0019037349685526418
69,318.006,108.184,0.03667642059967585,0.001927119245109396
70,213.733,108.204,0.03395554307387315,0.0018892597690691002
71,154.708,108.395,0.031454340770083,0.001902008731157228
72,201.613,108.475,0.03342466959279303,0.0018819326473130194
73,3.089,108.655,0.036299493431934296,0.0018346189395493197
74,267.422,108.755,0.03567997851384787,0.001900748515220239
75,172.887,108.94,0.03207616043934486,0.0019045323078313741
76,128.845,109.153,0.031082084535676985,0.0018687152795789476
77,345.45,109.21,0.03652344973215795,0.001896447032184106
78,38.359,109.335,0.034766535596278694,0.0017978219014961297
79,146.809,109.662,0.031197428909731366,0.001877475394797821
80,14.112,109.92,0.03586258135701753,0.001776810381163091
81,42.262,11.244,0.025490637282627827,0.0004139386699567332
82,6.126,11.36,0.02586234506759131,0.00042793984113872
83,283.449,110.001,0.03600445083670392,0.0018796119351215186
84,138.247,110.034,0.03105797712631137,0.0018639863677648515
85,25.742,110.274,0.03534539730925633,0.0017594653067990469
86,86.353,110.309,0.03197513958566968,0.0018816438023276463
87,302.817,110.382,0.036333454290134015,0.0018840504628911978
88,66.359,110.537,0.032971267656583536,0.0018756185891184059
89,248.053,110.662,0.03492621353582609,0.001884264058860178
90,183.746,110.844,0.03243979274569102,0.0018714175515536409
91,219.596,110.859,0.03397830631290564,0.0018616585731918963
92,274.898,111.039,0.03568663352942961,0.001866289660993472
93,338.12,111.239,0.03638434630935854,0.001882799333143672
94,165.874,111.399,0.031621581735046714,0.0018699983628576134
95,44.597,111.413,0.03422517837411081,0.001795002569568484
96,356.359,111.568,0.036162493223509506,0.0018255477728506492
97,261.727,111.628,0.03525407641775264,0.0018639150409238746
98,103.456,111.656,0.031282611102964784,0.0018442203529252168
99,289.944,111.952,0.03595502849870285,0.0018529249710668157
100,296.518,111.968,0.03607627564862486,0.0018562428820099034
101,122.962,112.03,0.030918156027930972,0.0018281777091637274
102,194.953,112.0,0.03286161690582895,0.0018403339899294494
103,206.785,112.141,0.03336107301138304,0.0018315303500688778
104,254.981,112.255,0.03499132121168137,0.001858078564339552
105,58.644,112.351,0.033283858993215745,0.0018334481847371575
106,51.374,112.51,0.033715753329095356,0.0018067988769903812
107,80.247,112.594,0.03207920460448836,0.0018532020881666938
108,330.287,112.641,0.036264494302182974,0.0018681428118132652
109,73.296,112.657,0.032422021335969664,0.0018521354243167018
110,94.363,112.692,0.031487870942472684,0.001839724712102062
111,226.001,112.694,0.03404397010764476,0.0018432856407514402
112,312.774,112.6,0.036212766871286356,0.0018612138837402654
113,240.294,112.955,0.034476054528334396,0.0018502534253433847
114,321.868,113.195,0.03619735247240236,0.0018586163196562659
115,7.449,113.24,0.03574649127049681,0.0017532036984103366
116,158.438,113.379,0.031221809097252883,0.0018355901683871616
117,232.924,113.488,0.03419521744391717,0.0018381841444468985
118,109.929,113.543,0.030988922235243282,0.0018105794426621822
119,31.248,113.569,0.03476077819195447,0.0017215642733134596
120,116.56,113.574,0.03087260610309383,0.0018063135031784951
121,176.927,113.782,0.03189637736729542,0.001833383292738186
122,18.993,114.011,0.03527093615581932,0.0017108461903220136
123,349.315,114.158,0.03598301562360524,0.0018121641864144496
124,132.847,114.405,0.03071698505490662,0.0017960147445049857
125,150.494,114.701,0.030910821524013567,0.0018071351387566573
126,141.982,115.142,0.030728084214080166,0.001791534964924576
127,212.473,115.279,0.0333008310399079,0.00178531599598362
128,270.055,115.324,0.03510663808914039,0.0018008747465462105
129,188.218,115.391,0.03226434370446294,0.0017958066831118434
130,280.134,115.583,0.035335570112769735,0.001793809802497425
131,306.791,116.009,0.03576086530735911,0.0018001735876031733
132,199.993,116.0,0.03271959244092644,0.0017724523894343679
133,37.296,116.228,0.03416342280431631,0.0016961839089198755
134,341.852,116.283,0.03579783215557411,0.00179533600924431
135,0.576,116.342,0.035555625456435064,0.0017319108152001469
136,169.767,116.372,0.03137143309884397,0.0017918292634490395
137,65.827,116.591,0.03247296718482991,0.001781200082052007
138,88.953,116.614,0.03135932235469445,0.00178270897441804
139,247.622,116.737,0.0343014351293834,0.0017863281560663055
140,99.555,117.098,0.030950817165622136,0.0017629648620250166
141,12.195,117.612,0.03509603492466988,0.0016672407778305482
142,24.373,117.703,0.03462154048705583,0.0016496787968688367
143,218.713,117.736,0.03327876110700154,0.0017489442974316766
144,126.682,117.752,0.03043925156408919,0.0017370060924848077
145,333.891,117.771,0.03564709256320478,0.0017789948138677686
146,316.363,117.946,0.035595826929322755,0.0017738440591530936
147,263.381,117.9,0.034619204795409725,0.0017582879208149554
148,43.883,118.078,0.03359159899863054,0.001688161171816305
149,286.411,118.143,0.03516040890278039,0.0017486756285474312
150,300.192,118.198,0.03539654415285231,0.001755231951627879
151,325.396,118.413,0.03556719185104322,0.0017693878180596314
152,255.6,118.42,0.03433555484108831,0.001752425044429088
153,162.163,118.468,0.03090449584999367,0.0017513199643790969
154,58.322,118.519,0.03270336980393673,0.0017308844100334439
155,181.241,118.542,0.03165078675356364,0.0017479526238911199
156,81.85,118.751,0.0314523122788606,0.0017497424811222168
157,73.831,118.776,0.031829381362130746,0.0017497669859176548
158,50.941,118.918,0.03309024165190223,0.001699804929394721
159,293.259,118.966,0.0351819409575504,0.0017360165340367293
160,240.137,119.099,0.03380550035221544,0.0017424793329826216
161,353.355,119.106,0.03532221886125149,0.001710938290147693
162,225.483,119.333,0.03332908167560433,0.0017272017668844726
163,205.568,119.567,0.03257277637459732,0.0017064122186547838
164,105.864,119.666,0.03054297708389412,0.001710237083452189
165,193.122,119.7,0.032045542211635684,0.0017124616676363626
166,136.27,119.843,0.030263748633583984,0.0017034110113337013
167,232.684,119.865,0.03349152129385807,0.0017239633890354365
168,119.902,119.866,0.03028944643354135,0.0016981743807998892
169,154.049,119.894,0.030537409676384845,0.0017181007332037854
170,274.554,120.164,0.03462262528188996,0.001710490599444908
171,145.407,120.439,0.03030887860929225,0.001699604503877613
172,112.814,120.553,0.030317567828541038,0.001688024281052865
173,30.327,120.863,0.03395070862673316,0.001599526892543986
174,5.158,120.977,0.034847627132431724,0.001629171064450868
175,173.878,121.329,0.03105089196940512,0.0016980565728675343
176,345.675,121.387,0.035086039497732896,0.0016895314529861978
177,93.418,121.42,0.03072506613277785,0.0016893770761965384
178,17.452,121.669,0.03437690749781347,0.0015831856834468657
179,309.985,121.736,0.035015835333921545,0.0016947898778371581
180,211.745,122.56,0.03245516409832072,0.0016488284152679754
181,66.769,122.643,0.031764477103616864,0.001667583059099131
182,248.735,122.749,0.0335818473136422,0.0016679770330319925
183,337.468,123.014,0.034893584996934214,0.0016706704760488854
184,185.97,123.141,0.031353057570209786,0.0016515769109205665
185,266.972,123.175,0.03401209984227039,0.001651287003673731
186,36.888,123.335,0.033298967614214386,0.0015666972999502727
187,319.527,123.456,0.03482039276397411,0.0016655579354278363
188,280.536,123.501,0.03428537511488684,0.001641225658531487
189,129.649,123.557,0.02987284444800321,0.0016256911387001968
190,166.021,123.604,0.030510415075315232,0.0016502797117817676
191,198.585,123.663,0.03180828328187542,0.001627283167358123
192,328.729,123.783,0.03479060452273664,0.0016601464172124481
193,357.717,123.985,0.03455349864743919,0.0015963610409501265
194,85.361,124.051,0.03073382683290827,0.0016421791062162323
195,258.028,124.125,0.03364081391704986,0.001634781258042518
196,302.838,124.348,0.034537239729044544,0.0016334676463280785
197,76.12,124.527,0.031076804700554378,0.001634566015964045
198,59.239,124.79,0.03190258948764642,0.0016078331492748806
199,218.538,124.815,0.032401691652721484,0.0016062143064114495
200,99.42,124.827,0.030167237157165766,0.0016127394894377286
201,44.012,124.94,0.032709120690133035,0.001556269747605453
202,157.609,125.188,0.030077945119903637,0.001611110040245995
203,23.335,125.288,0.03362087372116873,0.0015078401182005352
204,241.285,125.306,0.03301468074277697,0.0016123899749676783
205,287.595,125.318,0.03414536822735233,0.0016027032695061449
206,10.254,125.379,0.03405435006248349,0.0015239324830349816
207,139.285,125.426,0.02971821346682289,0.001590943319900457
208,51.547,125.489,0.03222997268123208,0.0015703662535581525
209,295.217,125.587,0.03423169759517332,0.001600490296160016
210,148.662,125.875,0.029799080324082558,0.0015885028724092912
211,122.245,126.065,0.02962663628400139,0.0015708932220003299
212,225.87,126.149,0.032451381577004765,0.001583739917597958
213,178.365,126.2,0.03067186726365027,0.0015911563770668014
214,233.55,126.374,0.03264434849715826,0.0015850423548458858
215,349.744,126.491,0.03425491654043998,0.0015678188990574339
216,106.579,126.767,0.02976793886386378,0.0015633930275285501
217,204.72,127.148,0.0315857355182816,0.00154775600204819
218,114.383,127.175,0.029582933659372528,0.0015487307591535223
219,272.329,127.397,0.03349120475221968,0.0015550419378800033
220,191.275,127.48,0.03102469736866471,0.0015496373959139084
221,312.597,127.555,0.03410418243138561,0.0015689377944606122
222,341.168,128.318,0.034007802747037935,0.0015448103235210097
223,29.925,128.319,0.03287086037354125,0.0014481860096446399
224,90.664,128.387,0.03001608579395202,0.001541211689171317
225,69.28,128.525,0.030887952848381618,0.0015401379212603785
226,251.473,128.53,0.0327946384315705,0.0015358995656556823
227,2.573,128.714,0.033686770519124165,0.0014737634242542477
228,170.175,128.724,0.030047327415137437,0.0015345048602064787
229,322.409,129.09,0.033887653731628525,0.0015374883103566948
230,262.274,129.213,0.032953797039686775,0.0015152270631058826
231,332.011,129.261,0.03386842136260455,0.001532174265546723
232,16.025,129.433,0.033206792809227934,0.001423777965654754
233,132.042,129.436,0.029215719885587618,0.0014950188244869443
234,80.209,129.74,0.030234730026584528,0.0015148833518996033
235,211.597,129.994,0.03141924640979916,0.001481547363493942
236,316.008,13.078,0.0262385453077056,0.0004860103930360456
237,217.843,13.301,0.02567836369169922,0.00048012625977090237
238,187.575,13.616,0.02537177295475172,0.00047984428204275427
239,289.715,13.842,0.0262795295930957,0.0004995822038451521
240,279.256,130.388,0.03312979101655964,0.0014824278039069366
241,304.675,130.471,0.0335109525460215,0.0014926570037921158
242,161.335,130.531,0.029538085096466257,0.0014879115684242213
243,37.23,130.587,0.03217725812985063,0.0014111905604802938
244,183.416,130.897,0.03025092232007419,0.0014752183021471208
245,61.578,131.008,0.030911871138718572,0.001468805662995331
246,142.03,131.123,0.029080708643767838,0.0014597272312767483
247,151.893,131.407,0.02920131860570943,0.0014599173007440035
248,243.926,131.409,0.032128410122179915,0.0014658087675978905
249,197.322,131.433,0.03069627718975603,0.0014491830252998101
250,354.245,131.526,0.03331666931540542,0.001433668343650936
251,97.614,131.553,0.029396413844234012,0.0014589672640544853
252,45.138,131.906,0.031590459691210285,0.0014021613092406729
253,287.371,131.959,0.03299477746129173,0.0014447744877627506
254,296.075,131.985,0.03312339666317288,0.0014485814235163932
255,219.194,132.021,0.031350713377885545,0.001436100689955249
256,53.385,132.096,0.03115569972186729,0.0014221750375446231
257,123.769,132.221,0.02888314993139602,0.001426052636906099
258,235.737,132.881,0.03167215271680978,0.0014261716479081834
259,22.618,132.996,0.03234967567312217,0.0013366880583821127
260,227.348,133.041,0.03142226133906739,0.0014166125086469401
261,8.13,133.189,0.03274991478847493,0.0013510172457742457
262,105.868,133.329,0.02896576288873106,0.0014072669088950789
263,268.396,133.447,0.03235204529412572,0.001406511925605924
264,314.757,133.45,0.033035035044440705,0.0014243789575458807
265,114.832,133.56,0.02878902938689497,0.0013952878563444706
266,345.177,133.627,0.03300305763505722,0.0014039493151464825
267,174.832,133.758,0.029533490615224027,0.0014072848985341479
268,256.039,133.863,0.03199795052186104,0.0013998272836996917
269,73.584,134.028,0.02990712227034338,0.0014063906004954687
270,86.205,134.169,0.029396477153425034,0.0014015772561511266
271,335.407,134.802,0.03281355179627353,0.001387581966029644
272,325.143,134.819,0.0328098211631863,0.0013916626878821732
273,204.258,134.847,0.030409934024277097,0.001358734912573331
274,189.255,135.308,0.02981760622630979,0.0013563753777727334
275,133.972,135.38,0.028472248624765818,0.0013468736992887516
276,165.43,135.866,0.0289345164256022,0.0013513940776207814
277,30.127,135.891,0.03153945277118765,0.0012709098277507093
278,359.418,136.404,0.032297028147455886,0.0012930663769860158
279,276.335,136.537,0.03192508748206984,0.0013232985960612987
280,305.788,136.58,0.03233845509040681,0.0013352557645371424
281,144.639,136.905,0.028358857779768157,0.0013118386307763605
282,65.665,136.981,0.02979501730744988,0.0013210348519675237
283,155.275,136.994,0.02852598934542465,0.0013161681730374127
284,248.391,137.205,0.031205966406658098,0.0013116443835110613
285,14.613,137.277,0.03178625649025128,0.0012369480116575394
286,94.121,137.513,0.028669646862450576,0.0013076619037435241
287,212.157,137.532,0.030215356481325128,0.0012874533715315586
288,38.523,137.917,0.03083132373129445,0.0012341432716896385
289,285.736,138.193,0.03175435145475572,0.0012794783417352277
290,295.862,138.215,0.03189293429545255,0.001283774383380922
291,124.526,138.348,0.02806953959877582,0.0012665020669348746
292,262.692,138.468,0.03127775405740956,0.001272871139889032
293,56.813,138.59,0.02992083738615489,0.0012615175666885732
294,180.26,138.61,0.028995877269255906,0.0012732960602725267
295,47.57,138.872,0.0302774903026041,0.0012312529056822056
296,349.743,138.876,0.03190595551842185,0.0012521418272159787
297,79.985,138.878,0.028918082114371545,0.001277191882002748
298,239.63,139.217,0.03062931221589521,0.001255049070464303
299,220.933,139.279,0.03015983886398006,0.0012435662186479352
300,196.127,139.286,0.02941287224283675,0.0012428645602133809
301,316.554,139.407,0.03183148707481928,0.0012636128871120489
302,103.669,139.455,0.02816317716145657,0.0012471826740026637
303,114.136,139.754,0.027954090874589742,0.0012317102765871575
304,230.271,139.889,0.03028642907065135,0.0012321375304034374
305,118.792,14.216,0.02494314087178624,0.00047827453338168246
306,143.719,14.398,0.02498325576513296,0.000489537673345208
307,69.115,14.964,0.0255143953727442,0.0004971275888058074
308,339.133,140.363,0.03165153955313582,0.001229491634942494
309,327.885,140.614,0.03160973440386457,0.0012306657563395855
310,22.242,140.799,0.030851204068569393,0.0011411838590154948
311,5.569,141.009,0.031232927507372603,0.00115470928689825
312,170.174,141.124,0.02829355501576348,0.0012053476158261104
313,135.51,141.376,0.02765652547869899,0.0011841119080773614
314,271.58,141.986,0.03073931119447322,0.0011714693698227283
315,255.144,142.412,0.030338805901743298,0.0011626631683854336
316,71.99,142.451,0.028640045775118892,0.0011743468764688545
317,159.049,142.591,0.02779471934961035,0.001160760975740895
318,204.25,142.636,0.0290861223629807,0.001144785392281717
319,306.164,142.677,0.03105494799392328,0.001164516267213952
320,88.725,142.717,0.02804249231969062,0.0011663476285751408
321,147.267,142.747,0.027568597181782274,0.0011503988036288626
322,186.806,143.152,0.02847262489417581,0.0011395574593460417
323,31.137,143.537,0.03000862900395072,0.00107363854682983
324,355.216,143.973,0.03075065905511313,0.0010955679819163358
325,282.456,144.027,0.03048346344589497,0.0011130779280501529
326,294.428,144.282,0.03058466482262756,0.0011105986265274627
327,124.457,144.444,0.02720973926110264,0.0010962140545287338
328,62.433,144.759,0.0286092191670853,0.001097958859805327
329,213.704,145.122,0.02889450286183145,0.0010730072572295514
330,99.694,145.129,0.0274058900410777,0.001089988967786773
331,245.857,145.144,0.029601618799613743,0.001083421206690488
332,13.069,145.176,0.030174646414630572,0.0010292543674297846
333,41.18,145.242,0.02932256319369424,0.0010428237185755689
334,318.059,145.415,0.03052281843679513,0.0010900000979338143
335,51.882,145.692,0.028843087233532683,0.0010521474517043476
336,112.08,145.751,0.027114373949667023,0.0010636483969101694
337,343.513,145.887,0.030415554955530968,0.0010623141502536112
338,175.975,146.208,0.027654083280635053,0.001055368425889743
339,330.844,146.448,0.030317303061235208,0.0010581299731114787
340,224.265,146.486,0.028891251720652045,0.0010368569255339878
341,235.288,146.521,0.029117079634893066,0.0010404373851386531
342,264.668,146.638,0.029641524233094543,0.0010364087012157512
343,81.134,147.041,0.02757817391679681,0.0010428245331174273
344,194.883,147.198,0.0280145073277569,0.001015745133897497
345,136.698,147.414,0.02679572521319045,0.0010107557887752577
346,163.586,148.142,0.02704472013609872,0.000998479096690907
347,150.136,148.623,0.026741749177213846,0.0009798605288021374
348,22.29,148.674,0.029190341642351653,0.0009288112005494017
349,305.674,148.75,0.02969571483043501,0.0009849318280216153
350,2.103,148.787,0.029581945507439963,0.0009439822573743873
351,277.061,149.378,0.029244294782487974,0.0009540819430942236
352,339.997,15.096,0.026594803246252748,0.0005283318013545264
353,291.394,150.148,0.029250503405086448,0.0009353396202846943
354,93.425,150.239,0.026757683451713157,0.0009442473975993191
355,71.177,150.265,0.02734482057575148,0.0009444995314329368
356,255.306,150.285,0.0287111509738081,0.0009285257479517689
357,204.875,150.488,0.02768396974255955,0.0009142673215931092
358,123.352,150.493,0.02634344255180578,0.0009207284812292409
359,183.429,150.966,0.02706847629647606,0.0009094681587734964
360,349.069,151.292,0.029151071595715138,0.0008929852904384319
361,33.41,151.2,0.02835988553944652,0.0008656030068058795
362,319.333,151.463,0.029151730975437,0.0009081858244741944
363,108.183,151.492,0.02632182705197076,0.0008984807142699048
364,59.145,152.123,0.02739948389867887,0.0008775415729157784
365,334.364,152.287,0.028979735549962398,0.0008794975619116434
366,46.067,152.428,0.0277485782470277,0.0008486178122118869
367,243.556,152.646,0.02803172471768013,0.0008571605185614018
368,216.868,152.69,0.027544622161124768,0.0008488690304871881
369,11.1,153.106,0.0284669070848467,0.0008106517401295445
370,230.236,153.47,0.02764737013137171,0.0008292738908891621
371,137.551,153.486,0.0259347256267429,0.0008325272132930095
372,169.511,153.553,0.026335673973763442,0.0008359887708286188
373,268.819,154.054,0.02811785121063587,0.0008138828586716249
374,153.631,154.503,0.025931961459281606,0.0008063937957870752
375,84.144,154.553,0.026303213827744275,0.000819728113948806
376,303.985,154.777,0.02832393123612111,0.0008026928176529212
377,193.36,155.151,0.02660695430504842,0.0007794430419377416
378,285.996,155.712,0.0279659111295105,0.0007668173102136324
379,356.699,156.433,0.02792763842055313,0.0007325808977659268
380,120.72,156.46,0.0255382847712999,0.0007481207573197618
381,22.993,156.597,0.027491005414428678,0.0007114303794578003
382,101.521,156.839,0.02566085131225366,0.0007465642540919302
383,320.45,157.542,0.027782517687360196,0.0007250711823006851
384,71.24,157.696,0.026123442984802604,0.0007256415673822589
385,256.892,157.713,0.0272027716383498,0.0007062250861806386
386,339.109,158.078,0.02766479056562237,0.0007031574784173342
387,206.621,158.371,0.02633723302534216,0.000681373118903948
388,177.951,158.66,0.025748673206452577,0.0006833323932386547
389,38.09,158.786,0.02674257644705429,0.0006622657488693028
390,55.127,159.204,0.02627314194336345,0.0006698335760940822
391,138.045,159.582,0.02514887469896645,0.0006581638092160119
392,241.098,159.869,0.0265912979383831,0.0006431654680929998
393,242.857,16.4,0.026350961050074045,0.0005657824778943762
394,97.473,16.601,0.025294150781436923,0.0005391065275583142
395,17.945,16.807,0.026625370632509797,0.0005355671016641294
396,223.229,160.091,0.02631737942087336,0.0006335003220239151
397,158.543,160.331,0.02522228365433641,0.0006392226118681509
398,300.297,160.706,0.02701622403984428,0.0006272387427698351
399,276.757,160.754,0.02681949125846,0.0006190907615486656
400,7.966,161.033,0.02682996138619375,0.0005977649440827503
401,90.441,161.499,0.025224273887955163,0.0006204768454374181
402,115.389,162.26,0.02488295046687341,0.0005902262007101285
403,190.929,163.119,0.025368339653661823,0.0005550841713290811
404,321.536,163.643,0.0265016620025477,0.0005523246856228127
405,346.588,163.709,0.026464158482503632,0.0005434836286473137
406,25.108,164.539,0.02595758719309614,0.0005108704018306362
407,261.193,164.79,0.02593362522434276,0.0005123322840826949
408,72.733,164.87,0.02511074988961446,0.0005329767867562426
409,138.049,165.696,0.02454412402394058,0.0005017999405105532
410,166.862,165.982,0.024725945800868093,0.000493393664163087
411,48.669,166.038,0.02537437859633705,0.0004918454853919208
412,211.127,166.221,0.02525450398474212,0.0004738512940810903
413,292.464,166.405,0.025884229291130496,0.000475268688345659
414,237.531,166.902,0.02541528781665624,0.00046195304321142134
415,104.21,167.658,0.02449186261867905,0.00046565639897406684
416,0.891,168.865,0.02550163795348044,0.0004238675920138359
417,322.958,169.758,0.0254171869050734,0.00041257611270107726
418,164.332,17.026,0.025407983096889956,0.0005623768332610877
419,270.051,17.055,0.026709349638802088,0.0005808859430989323
420,41.875,17.363,0.0263309905281604,0.0005442592552157633
421,184.793,171.041,0.02452642053871759,0.0003882171026856977
422,273.598,171.405,0.02501583008598353,0.0003771760206658246
423,136.983,171.818,0.02419807539654971,0.0003862655952258983
424,78.34,171.832,0.02442478777220627,0.0003945343829584983
425,32.597,172.419,0.02481278757644364,0.00037052233929279387
426,228.054,173.742,0.024579834449567097,0.00034880308081077443
427,327.162,175.872,0.02455417575523342,0.0003364122600477783
428,127.254,177.91,0.02410046506284234,0.00032579217256355935
429,356.297,18.996,0.02727020365089742,0.0006137288392098306
430,197.652,19.075,0.026190437955101998,0.000621955134378056
431,219.016,19.41,0.026572283189555602,0.00063941849153738
432,307.78,19.765,0.027491465447989603,0.0006576856896075664
433,325.42,20.547,0.0276939209088555,0.000680942339202165
434,61.484,20.611,0.026428069882982755,0.0006405231441304914
435,83.329,20.717,0.02598374785801311,0.0006524193744554626
436,133.474,20.763,0.02556357637436763,0.0006532044748418328
437,290.575,20.989,0.027649456711204,0.0006882212859129887
438,178.253,21.174,0.02614080231072915,0.0006802153957380013
439,116.515,21.319,0.02565384054446294,0.0006660889721204829
440,258.012,21.68,0.027463529833204,0.0007117172891597632
441,149.829,22.113,0.02582785442600395,0.0006997480747470379
442,237.526,22.241,0.02731756669065163,0.000728705252475979
443,24.169,22.572,0.027605349064155092,0.0006794797470342176
444,340.463,23.087,0.02822075977587158,0.0007467872952551672
445,42.153,23.469,0.02738359388963654,0.0007055099227939755
446,101.842,23.7,0.02608507969996192,0.0007375472862739285
447,6.684,23.84,0.02816863483899696,0.0007322382897588593
448,276.642,23.962,0.028145865951014384,0.0007737784033916707
449,203.481,24.807,0.027210539086574292,0.0007894098693773111
450,163.357,25.018,0.026406506146430482,0.0007916433720575097
451,220.094,25.501,0.027654995194344452,0.0008180679217611907
452,74.719,25.772,0.026915721707490396,0.0007990780543726292
453,187.454,26.092,0.02707689285513564,0.0008260332562203583
454,57.724,26.509,0.02751250758733325,0.0008071883434441339
455,316.545,26.726,0.029038091454989902,0.0008633145316517391
456,302.994,26.74,0.028978616317075948,0.0008598377053220168
457,351.974,26.849,0.028989694346330704,0.0008428208367725765
458,250.939,27.023,0.0284417279096775,0.0008715907885676006
459,90.791,27.484,0.0268017967644658,0.0008528271132750438
460,127.353,27.526,0.026418425181362802,0.0008494896166014094
461,140.4,28.005,0.0265290007507099,0.0008695370469993475
462,266.65,28.182,0.02891418649239964,0.0009012533369603272
463,234.987,28.228,0.02843077312962404,0.0009074672783737065
464,329.36,28.253,0.02939814300998361,0.0009083018582447131
465,290.301,28.356,0.02923500029966664,0.0009040232614328571
466,28.23,28.435,0.028708890742531183,0.0008394190729550798
467,114.627,28.62,0.02661783738879783,0.0008814553310543494
468,173.712,28.974,0.027210133090488236,0.0009135477135720548
469,13.68,29.127,0.02919059447026382,0.0008703564029060271
470,42.833,29.553,0.02852710290513604,0.0008779754677370606
471,152.382,29.921,0.026928996908028597,0.0009346553957681954
472,207.497,30.63,0.02832711471595637,0.0009644775651941425
473,340.378,31.043,0.03000439897885828,0.0009844005806996835
474,103.551,31.193,0.027111324609325402,0.0009610681499378016
475,69.594,31.341,0.027977373318129682,0.0009639588067504408
476,0.551,31.36,0.02990621210503286,0.0009581319744171431
477,193.901,31.389,0.02811871409391778,0.0009845504343534983
478,279.697,31.396,0.0297794040220499,0.0009935308484542871
479,221.279,31.565,0.02881401531929111,0.0010006701972083939
480,83.112,32.234,0.02771397790101935,0.0009967558456115237
481,55.945,32.524,0.02865332196012934,0.0009824468974810238
482,246.853,32.755,0.029538144521652453,0.0010446534854359154
483,162.555,32.974,0.027564157273213152,0.0010321830288586797
484,259.937,33.228,0.0298680222606882,0.001054257818640719
485,310.227,33.322,0.0304935299106963,0.0010585900079823818
486,181.556,33.573,0.02814602002850456,0.0010516578439967446
487,299.312,33.991,0.030562574170436074,0.0010735665487166127
488,321.123,34.041,0.030697090525377002,0.0010829196806591815
489,233.958,34.282,0.02959563692854757,0.0010889620815743492
490,31.347,34.318,0.02983026921724278,0.0010031133642105967
491,133.506,34.365,0.027379108815088857,0.0010551094082509515
492,122.767,34.599,0.027407412787784042,0.0010586114585829484
493,18.809,34.623,0.03025096200114423,0.001016539338378153
494,349.374,34.748,0.030779897135539094,0.001080544247819739
495,94.779,34.999,0.027839162959945714,0.0010773112168922763
496,143.964,35.466,0.027613844832000124,0.0010941041955132176
497,271.585,35.578,0.03055170862114947,0.0011182466171140934
498,43.854,35.609,0.02966393301693398,0.0010512670119182414
499,331.185,35.997,0.03113636082284445,0.0011390753665443088
500,289.301,36.061,0.03090604753379736,0.0011304681688513647
501,112.62,36.229,0.027708588308754167,0.0011068006188655203
502,7.089,36.304,0.030877540197356952,0.0010833819596034152
503,210.68,36.472,0.0294594314845918,0.0011374586098186008
504,170.874,36.84,0.028355811587610358,0.0011493499410172067
505,198.785,36.866,0.02919336053302364,0.001145024415181154
506,66.7,37.221,0.02907007220693224,0.0011359315938741484
507,222.661,37.594,0.02997147338702104,0.0011787942184673596
508,78.07,37.647,0.02872251647394046,0.0011566458805660734
509,153.469,37.719,0.028073599912963654,0.0011669805274318117
510,187.661,38.55,0.02913196066785755,0.0011953716137627845
511,55.397,38.6,0.02976005501077076,0.0011572876091647452
512,244.685,38.73,0.030671122458722236,0.0012200817941709886
513,255.675,38.837,0.0309192478831405,0.001219426637749759
514,339.978,38.947,0.031751842806975905,0.0012173218883941548
515,356.631,39.07,0.031636418176545424,0.0011870340648144873
516,103.797,39.186,0.0282556467202661,0.001194787845178657
517,280.852,39.418,0.0314918119430463,0.001225652163869668
518,88.321,39.785,0.02871748480070684,0.001218283426875808
519,34.061,40.18,0.030892497567773288,0.0011632987421905266
520,22.906,40.206,0.031276891814230795,0.0011625854578997512
521,314.438,40.263,0.032024676041768924,0.0012609441691273523
522,305.013,40.281,0.03196473474477785,0.0012567080843887055
523,233.927,40.369,0.03074247463932886,0.0012651977419768387
524,265.795,40.647,0.031473633737039056,0.0012651983223071193
525,161.727,40.879,0.028700186456809232,0.00126276134667661
526,127.797,41.107,0.028287016586177945,0.0012454039028465807
527,177.651,41.251,0.029226507647685997,0.001275349673886935
528,323.551,41.464,0.032305671329258205,0.001297091865383433
529,137.011,41.46,0.02836813419328139,0.0012600359874763124
530,12.301,41.49,0.03183407386482062,0.0012112369145155868
531,295.878,41.621,0.03214723407224966,0.0012892323543370508
532,45.213,41.628,0.030719919944493253,0.0012192039460682765
533,118.675,42.046,0.02844636946051644,0.0012698989012045556
534,213.498,42.29,0.030549456476884312,0.0013022564650963279
535,202.789,42.417,0.030239256227127323,0.001300175905244383
536,347.453,42.638,0.032472703659648536,0.001308156843692473
537,145.777,42.974,0.028664433586726743,0.001308566484362298
538,65.364,43.32,0.030111816602209608,0.001307152800630356
539,96.681,43.341,0.028989857266072394,0.0013136628142899247
540,75.032,43.554,0.02973938407576024,0.0013228835276211368
541,224.304,43.579,0.03107196715796725,0.0013468518886608494
542,331.912,43.707,0.03276337789590036,0.0013572424301577014
543,192.629,43.736,0.03011027025220967,0.001337023060435109
544,2.57,43.787,0.03250456944799323,0.0012970862271216989
545,274.228,43.914,0.03226473308743778,0.0013505287460460333
546,287.622,44.302,0.032567537316374316,0.0013590389764388802
547,110.231,44.328,0.02884167492189228,0.0013332702794424996
548,168.759,44.708,0.029431877860286084,0.0013708639508118443
549,55.755,44.712,0.030770735955097786,0.0013261816286337562
550,253.261,44.876,0.03199844823079785,0.0013870269068732566
551,243.892,44.881,0.03178003447403778,0.0013903038590380083
552,83.912,45.375,0.02966289473613576,0.0013734642644051191
553,153.744,45.46,0.02913098061239658,0.001382256807353035
554,26.448,45.804,0.03221466744972483,0.0013029685954378414
555,36.657,45.995,0.031845911467684215,0.0013154976468946371
556,183.27,46.009,0.030113739405250976,0.0014020364201301405
557,261.991,46.451,0.032476822516058226,0.0014233836879010606
558,234.68,46.473,0.03182784492820393,0.0014309016090670547
559,339.328,46.781,0.03334033156950733,0.0014325295060816175
560,16.679,46.797,0.032725827738557894,0.0013359706536686948
561,353.778,46.854,0.033231620577515386,0.001403360401345236
562,308.462,46.883,0.03330973661293142,0.001435888273344816
563,316.783,47.332,0.033448612826501786,0.0014521555191982125
564,46.94,47.599,0.031651196109313495,0.001377799431634872
565,300.115,47.684,0.03337764369748287,0.0014511773733479473
566,130.758,47.848,0.02914451709824184,0.001425054739187086
567,102.927,47.948,0.0294402259502839,0.0014306801654359392
568,206.317,47.974,0.03122337443933719,0.0014453754092872302
569,216.214,48.056,0.03156352029830815,0.0014548837825789625
570,122.484,48.28,0.029207991248956684,0.0014331350436405461
571,280.656,48.297,0.0331915942668214,0.0014619516819595019
572,91.35,48.587,0.02983851577827256,0.0014539202547572236
573,138.878,48.623,0.02928547176349304,0.0014501528070879678
574,160.789,48.713,0.029713719421820488,0.0014716044432848804
575,7.575,48.743,0.03332842932057106,0.001405117173787711
576,324.688,48.878,0.03375923766840777,0.001493819643220724
577,174.75,49.009,0.03020884080173691,0.0014825034206999794
578,196.88,49.024,0.031040372550202276,0.0014709900544321952
579,269.422,49.446,0.033161807047031554,0.0014946156591129878
580,226.272,49.507,0.03208802572309444,0.0015013954205249352
581,65.255,49.608,0.03104763266538559,0.001471852396563377
582,292.195,49.849,0.033661976002539784,0.001501106526502764
583,73.6,49.894,0.030695213225434434,0.001488017858595293
584,44.916,5.124,0.02485856275912047,0.0003382158443266332
585,114.484,50.053,0.029488969470668272,0.0014772272839149358
586,146.508,50.44,0.029597927142460314,0.0015016990838101637
587,345.805,50.486,0.03397368933501262,0.0015145862722358138
588,56.896,50.853,0.03164320756383279,0.0014848556834675382
589,188.073,50.978,0.030973207512578656,0.0015232798427701343
590,244.223,51.191,0.03282676479543209,0.0015498435593957565
591,252.346,51.306,0.0330539751964148,0.0015497020642430172
592,331.935,51.339,0.03419398946693954,0.0015530726225624182
593,29.729,51.368,0.033029911810143586,0.0014340000932719329
594,359.193,51.424,0.033969015157624086,0.0014969667101260562
595,81.28,51.707,0.03059801598370011,0.0015341546439043014
596,39.317,51.738,0.032658296649024296,0.0014567313245220973
597,20.56,52.144,0.03351255620707429,0.0014532768558605553
598,166.955,52.542,0.030363101328652286,0.0015677417932482363
599,236.15,52.588,0.03282173253949198,0.001582094248625958
600,97.025,52.919,0.03018774803378355,0.0015546806226166049
601,259.904,52.953,0.033500110167458026,0.0015838585581314062
602,153.461,53.112,0.030036203931144114,0.0015715888006631205
603,107.174,53.274,0.029975520788625042,0.00155581439431075
604,285.11,53.471,0.034149064308168,0.0015848717546605683
605,209.633,53.489,0.03211882947824923,0.0015773900642108661
606,49.09,53.512,0.03242453441401244,0.0015242843614599406
607,310.318,53.588,0.03451137705569761,0.001599680380745868
608,275.181,53.619,0.03396782669420868,0.0015903631238562777
609,179.929,53.626,0.030980386902430712,0.001590953731330382
610,219.005,53.741,0.032476339620300776,0.0015925860755166572
611,11.951,53.83,0.03406420980845211,0.0015070335555548873
612,302.568,53.987,0.03449903704562001,0.0016031616214327931
613,200.707,54.338,0.03189542893564481,0.0015934670686325275
614,317.854,54.391,0.03468856325328127,0.0016227332252480282
615,338.437,54.525,0.03470037940888546,0.0016218097400172195
616,132.258,54.642,0.029906836910647147,0.0015865207320524804
617,351.46,54.65,0.03460908709113386,0.0015965236761489733
618,124.607,54.692,0.02991398093391813,0.001584049475571774
619,87.746,54.93,0.03072373396631487,0.0016064248376474
620,228.646,55.365,0.03299516937550602,0.0016395243848391285
621,139.613,55.743,0.030070626502510397,0.0016164794200867496
622,294.934,55.773,0.034674532294709084,0.001637954075072273
623,266.343,56.049,0.034118459005637855,0.0016485576403032969
624,192.332,56.057,0.03177171331419611,0.0016346714836258426
625,116.955,56.088,0.03011562979509049,0.0016137710891966236
626,66.256,56.101,0.03183259062964308,0.0016252692932428154
627,324.933,56.209,0.034991773970019555,0.001665403610112525
628,3.936,56.219,0.03463875149296847,0.0015846965198348818
629,159.691,56.458,0.030553915185589538,0.0016513019252459664
630,73.594,56.703,0.03153251718923039,0.0016461288641860042
631,172.368,56.787,0.03103019555491758,0.0016632737128995721
632,32.953,56.857,0.033695097412656784,0.00155331474934086
633,58.817,57.027,0.03234508142174003,0.0016299945030446789
634,42.181,57.381,0.03330423105882707,0.0015851663861130851
635,24.181,57.468,0.034166192860065475,0.0015602938473852355
636,245.616,57.689,0.0337822203906467,0.0016945569461805528
637,146.467,57.804,0.030369332497367077,0.0016666864010541386
638,100.866,58.109,0.03062994639874808,0.0016642349317122986
639,252.81,58.187,0.0340465270632721,0.0017018179123670077
640,344.224,58.267,0.03522390498491798,0.0016926046501581622
641,184.514,58.441,0.03170738159290659,0.0016910434795709155
642,238.374,58.721,0.03370560124968543,0.0017157491039418505
643,279.137,58.725,0.034798649169339904,0.0016978951156987774
644,331.422,58.855,0.03537514288428126,0.001720176591300343
645,80.293,58.882,0.03145284058695105,0.001693104764675755
646,212.922,58.918,0.03290957264189921,0.0016940667692062668
647,15.934,58.966,0.03468288088348156,0.0015998050415305391
648,109.626,59.052,0.030516711276307347,0.0016769366480328329
649,356.456,59.132,0.03519841112201466,0.0016729976454607786
650,287.745,59.168,0.035040320481826176,0.0017058839569211914
651,222.011,59.317,0.033276283561723324,0.0017134142820354097
652,51.753,59.355,0.03301592108496792,0.0016564080190169218
653,92.641,59.404,0.031011601662899888,0.0016970175839909065
654,204.326,59.619,0.03265577906453684,0.0017019894900305236
655,285.363,6.856,0.0252011717301349,0.0003688728148644174
656,310.961,60.254,0.03551086485025021,0.0017404778661957903
657,259.438,60.293,0.03449536479991173,0.0017394553992271602
658,165.247,60.313,0.031106420167877555,0.0017331985112558747
659,303.607,60.339,0.03544847696239101,0.0017362490005595895
660,271.276,60.469,0.03483596738420375,0.0017352485486541646
661,152.725,60.641,0.03075827982614538,0.001729332806820406
662,125.397,61.11,0.030517234953040692,0.0017142397364186292
663,8.214,61.143,0.0352086915584815,0.0016633666013327582
664,231.529,61.14,0.033784779738364454,0.0017590289176758953
665,196.257,61.169,0.0324858802347198,0.0017330447560066076
666,177.188,61.318,0.03167478240505331,0.0017524085400040744
667,317.964,61.346,0.035699000697327954,0.0017664091955603117
668,132.639,61.362,0.0305377480038629,0.0017228693286993565
669,296.111,61.859,0.035540268782672496,0.0017597083040376286
670,337.291,62.154,0.035792162783486764,0.0017795850744446293
671,36.276,62.229,0.034195365584454566,0.001659686165556804
672,117.928,62.231,0.03066918120286116,0.0017337251535915104
673,349.392,62.418,0.03572276463576825,0.001759453414000117
674,85.861,62.648,0.03157059342018768,0.001763195221342981
675,27.72,62.718,0.03467040767259986,0.001655224444400421
676,139.475,62.734,0.03069833190005023,0.0017536202548623784
677,68.44,62.887,0.03243215866618453,0.0017638401058513416
678,45.381,62.897,0.03376932837377922,0.0016995709128812926
679,61.626,63.263,0.0328513599734075,0.0017586334954970203
680,188.695,63.364,0.03236739687829063,0.0017792041250148472
681,324.477,63.396,0.03597355026932355,0.0018067698587887482
682,0.959,63.823,0.03570839538359645,0.001739966363088435
683,102.878,63.958,0.03109819088512589,0.0017716363319206594
684,265.007,64.067,0.035087427205276384,0.001804127002452617
685,158.385,64.086,0.031197003296593563,0.0017969045262617794
686,19.707,64.086,0.03516960409756888,0.0016814032941779996
687,75.09,64.181,0.032201097688992236,0.0017921370863393838
688,216.336,64.218,0.03359015153267976,0.0017941465946596973
689,248.198,64.473,0.034638452641988005,0.0018210147416939263
690,170.234,64.542,0.03165727328338966,0.0018110160648108736
691,281.245,64.585,0.03556971732636946,0.0018050488977715362
692,225.368,64.75,0.03396027031482569,0.0018157751747339553
693,207.899,64.812,0.033315842861510146,0.0017949990774110923
694,241.494,64.901,0.03448069693176496,0.001829415358839913
695,145.797,65.012,0.030963172288833673,0.001799111946475397
696,95.742,65.019,0.03139614949394067,0.001795967059232342
697,110.43,65.08,0.03101190592098256,0.0017847733467564228
698,55.069,65.119,0.033413535533919375,0.0017722009250250488
699,288.681,65.187,0.03579850975920464,0.00181457884048755
700,254.797,65.754,0.03496392165909516,0.0018387616594444547
701,342.588,65.954,0.03619889972860825,0.0018369764796625481
702,181.569,66.033,0.03226976389847886,0.0018308450529177316
703,12.198,66.117,0.03566122684498071,0.001730956461121165
704,274.431,66.155,0.03556512200533782,0.0018328116361629294
705,330.439,66.215,0.03629153133516255,0.001854316357995042
706,200.017,66.25,0.03311038226260036,0.0018166811258389206
707,303.442,66.591,0.03619526772134848,0.0018446988879910315
708,310.599,66.763,0.03628917463818569,0.001853595539379754
709,235.081,66.817,0.03446302223749921,0.0018581322858994731
710,354.064,66.858,0.036163191230318185,0.0018175952059113556
711,81.109,67.369,0.0321635489286006,0.0018440862303152094
712,125.049,67.392,0.030997672084978244,0.0018189001706330342
713,39.838,67.439,0.03452681030139169,0.001752800855735229
714,31.324,67.841,0.03501992100582557,0.0017374553233249913
715,132.079,67.901,0.0310233561982493,0.0018303349086870274
716,295.876,67.933,0.03621908104380647,0.0018596874391328061
717,163.504,67.992,0.03164862401333153,0.001862802803399474
718,151.57,68.009,0.03128880188058944,0.0018520743529444898
719,317.269,68.109,0.036470697877685504,0.0018794774119608008
720,89.888,68.114,0.03183888014196184,0.001849701469675203
721,49.069,68.247,0.03405053649631763,0.0017990296082249632
722,117.555,68.314,0.031124449680923823,0.0018314799371477847
723,192.631,68.32,0.032946202417953346,0.0018530540632228857
724,5.118,68.634,0.0361163228187857,0.0017952320178811622
725,174.772,69.032,0.03217589391306702,0.0018798873043899698
726,260.848,69.037,0.035446869762061475,0.001884126670399197
727,23.419,69.13,0.03551354600062491,0.0017507037143606858
728,220.012,69.34,0.03416518194854953,0.0018769141221086766
729,138.591,69.518,0.03116194373841656,0.0018589243600063675
730,335.861,69.635,0.03661049707884275,0.0019020857687465443
731,65.606,69.645,0.03314617821858426,0.0018680380153154
732,269.082,69.728,0.03574914005493875,0.0018881426058374611
733,211.567,69.864,0.03387530161471712,0.001872029036547158
734,229.235,69.998,0.03453545276459541,0.0018986871537525955
735,337.597,7.091,0.02530706150985661,0.0003757473366853856
736,215.764,7.182,0.02501478645584216,0.00036631541312177483
737,123.618,7.251,0.02455200538488856,0.0003536943907308237
738,347.397,70.125,0.036561065852077176,0.0018871016097052064
739,72.182,70.226,0.032815779255622506,0.0018840098534174533
740,102.965,70.378,0.031546404826058264,0.0018681205089803772
741,323.403,70.378,0.03670054628964152,0.0019149887990038586
742,59.272,70.804,0.033607788584719064,0.0018696718719467484
743,185.656,70.848,0.03279462036001243,0.0018955898567398365
744,16.033,71.073,0.03598321860904466,0.0017864401170839045
745,281.349,71.162,0.036200875209941606,0.0019015710480660372
746,109.592,71.209,0.03143420511600964,0.0018733601031563488
747,245.846,71.219,0.0351551772708893,0.0019210015572079864
748,203.752,71.242,0.03363990484076916,0.0018848466073867402
749,287.89,71.392,0.0363723116542744,0.0019038826961596134
750,358.367,71.49,0.03651431404210394,0.0018634636806731206
751,156.823,71.565,0.03163964821308777,0.0019056827858923492
752,252.439,71.84,0.0354061239518417,0.0019261035043025582
753,96.75,71.903,0.031823351845562814,0.0018937588337077185
754,144.555,72.004,0.03137702106407835,0.0018972766065374865
755,168.173,72.239,0.03208001018018096,0.0019216836543179405
756,239.565,72.394,0.03503765186139742,0.0019355302681799164
757,43.783,72.431,0.034682806869424605,0.0018328474533572496
758,302.161,72.598,0.03672387922619144,0.0019256397824073332
759,35.123,72.78,0.035210050558933996,0.0018073375687743828
760,86.052,72.984,0.03229577806451028,0.0019171397421483838
761,78.691,73.04,0.03264373742728632,0.0019212936002818016
762,309.327,73.0,0.03683685127594129,0.0019368560673624778
763,196.457,73.243,0.033433853221431345,0.0019114053294745383
764,329.001,73.373,0.03693796658029366,0.001952952198265501
765,275.424,73.384,0.03620773693680792,0.00192997021878112
766,53.446,73.388,0.03413691250463026,0.0018825350949299776
767,9.071,73.489,0.03640168418911917,0.0018374552375752834
768,123.644,73.4,0.0313502141654099,0.001896326956250322
769,340.802,73.515,0.03689082380545919,0.0019441675713485315
770,178.984,73.69,0.03263630266719819,0.001936126564280278
771,294.23,73.84,0.0366844762245524,0.0019343772534704616
772,27.198,74.039,0.035707323189420825,0.0018078127358493875
773,130.661,74.147,0.03136210836235592,0.0019080220240278636
774,115.848,74.18,0.03147278137063049,0.0019046941990755071
775,224.098,74.223,0.03463350595348463,0.0019419311509942538
776,351.821,74.561,0.036844115193271416,0.0019255846443315685
777,315.836,74.591,0.03699780953289084,0.001960425297793221
778,215.456,74.714,0.03433241957566113,0.0019332254821803477
779,259.109,74.87,0.03581137260911136,0.001955964469129566
780,233.828,75.01,0.035008418387394796,0.00196145575148408
781,265.945,75.101,0.036037749289644094,0.0019536696543583365
782,149.99,75.169,0.031627896294373015,0.0019386759321382593
783,161.622,75.548,0.03198234524669387,0.001954209454436235
784,189.574,75.691,0.03323473625627139,0.0019447994386244775
785,19.846,75.95,0.036161535187457156,0.0018295565253038642
786,137.008,76.008,0.031463393791791985,0.001932141181463672
787,91.846,76.042,0.032200847292810336,0.0019442219665460716
788,207.584,76.081,0.03407109181282837,0.0019377302969842574
789,2.422,76.231,0.03675313005938578,0.0018950704342947918
790,64.831,76.453,0.03357990312915713,0.0019467331145043203
791,71.495,76.456,0.033191938127061824,0.001955568153150727
792,172.495,76.725,0.03246718512910068,0.0019693843098795944
793,334.104,76.929,0.0371476117884778,0.0019873082728661317
794,321.737,77.084,0.03717121497832738,0.0019890082022317353
795,48.285,77.134,0.034662172212579445,0.001899985126068016
796,106.836,77.358,0.031779362636076516,0.0019403083848006301
797,39.249,77.467,0.03523837319951588,0.0018661079826982993
798,100.59,77.579,0.03195758063456501,0.0019483956910880248
799,345.344,77.736,0.037105813901311194,0.001976081215558987
800,285.005,77.759,0.03671523720986057,0.0019698800254843883
801,245.515,77.911,0.035528755230291933,0.001990507712924224
802,252.319,77.997,0.03575255640374747,0.001988702308028643
803,200.294,78.071,0.03382866107041803,0.0019542815419513354
804,299.751,78.203,0.037036426446136694,0.00197916606276193
805,58.839,78.266,0.034027957294288536,0.0019486721660091659
806,12.935,78.323,0.03655533539342787,0.0018666475338740408
807,182.987,78.439,0.03302354261050612,0.0019772769626397358
808,271.051,78.563,0.03636929647475518,0.0019812827422097347
809,142.749,78.713,0.03161689732709978,0.001961585388022135
810,31.162,78.747,0.0357517870804559,0.00185372342798896
811,228.772,78.788,0.03500951417404944,0.001989525262132337
812,307.169,78.836,0.03716418609461343,0.0019907649673211137
813,154.951,78.856,0.03188289910198928,0.0019767894170258458
814,278.706,78.895,0.03660564507589998,0.0019803303495484303
815,121.172,78.978,0.03158678839226397,0.0019475860154402865
816,355.968,79.172,0.0370298203922519,0.0019497101336515194
817,78.931,79.184,0.032895065690676226,0.0019808566185256266
818,219.699,79.289,0.03469720263037005,0.0019792740365069546
819,290.967,79.421,0.036929112279386354,0.001983639618648959
820,85.078,79.611,0.032613362153633516,0.0019809217386965055
821,112.646,79.659,0.031728978873957134,0.001954205555851709
822,239.506,79.721,0.035401772983065447,0.0020040600370223923
823,166.054,79.844,0.03229211120681602,0.00199306112801631
824,128.396,79.977,0.031569102202213525,0.0019573458331726265
825,327.088,80.269,0.037321515701118635,0.0020157883836947514
826,193.44,80.495,0.03358729045113703,0.0019780518978149554
827,23.748,80.682,0.03620058780176392,0.0018611955575926794
828,313.677,80.69,0.037297626522573284,0.002010253801995852
829,211.628,80.701,0.03441222297540144,0.001976289890354961
830,338.783,80.913,0.0372977208986693,0.002012658084991199
831,6.342,81.009,0.03687026887058585,0.0019121056136679904
832,260.288,81.165,0.0361272881168755,0.0020060610669939663
833,176.575,81.366,0.03279440416816306,0.0020028359504808122
834,53.585,81.452,0.03447181218238207,0.0019538691509163432
835,94.459,81.486,0.03227757823219993,0.0019836954853902303
836,43.848,81.814,0.035112816455983686,0.0019150589181034087
837,147.953,82.063,0.03178889785294812,0.001989598173761044
838,134.729,82.104,0.03162356096559643,0.001975173072003133
839,349.581,82.202,0.03723307194830257,0.001994043388242011
840,73.042,82.325,0.03329283077832486,0.0020008135704489434
841,204.249,82.736,0.03413859054992647,0.0019826860308705756
842,266.261,82.794,0.03636269151679307,0.002010820998983972
843,65.929,82.833,0.03371649983775215,0.0019957202716537467
844,234.291,82.926,0.03531720692250871,0.002020051604102345
845,159.513,82.94,0.032116805350875646,0.002006692981994316
846,16.822,83.071,0.036574923165134866,0.0018834750907195487
847,35.428,83.177,0.035656612316832564,0.0018904625742107936
848,296.078,83.206,0.03715337999206149,0.0020081943372436757
849,186.89,83.209,0.03333193234766431,0.0020020154617726984
850,319.465,83.429,0.03741013064151831,0.0020302703520259867
851,224.444,83.494,0.03498452680972508,0.002010777572737325
852,254.543,83.672,0.036002026999085085,0.002022344735488114
853,100.932,83.728,0.0321044444794403,0.0019876277303634876
854,359.942,83.882,0.037106025954712504,0.0019578636857291117
855,117.52,83.931,0.03173938160876369,0.0019764396643232917
856,331.962,83.984,0.037420406380767574,0.0020352539757143577
857,247.051,84.064,0.03576181341096214,0.0020271660850589373
858,304.086,84.112,0.03730003552138621,0.002018479217390286
859,170.213,84.361,0.032554200923855185,0.002018715844687142
860,285.344,84.529,0.0369478431032509,0.002010345953444715
861,107.396,84.552,0.031940877904896595,0.001984342109915125
862,278.139,84.886,0.036763098624288504,0.002013206034152249
863,89.55,84.891,0.03252952390948807,0.0020057534254508576
864,216.001,85.019,0.03468125746071266,0.0020023052483148576
865,140.356,85.053,0.03171124146007009,0.001993881720357493
866,197.358,85.197,0.03385998970231791,0.0019957474095282377
867,27.847,85.198,0.0361087861743628,0.0018830884560272767
868,343.124,85.214,0.037371065853927785,0.0020252359045454045
869,125.25,85.233,0.031677250230375445,0.00198218803268783
870,60.094,85.245,0.03412140684857885,0.0019935617802641008
871,272.192,85.362,0.03659513507295577,0.0020173295301344155
872,83.141,85.656,0.032822371174573206,0.002014103069239843
873,49.102,85.704,0.03484713736530674,0.0019552372177877647
874,10.234,85.759,0.03686582127809658,0.0019151232344144448
875,152.701,85.907,0.0319489087729842,0.002010919464934775
876,180.517,86.087,0.03305423514827326,0.0020200774977458245
877,310.768,86.277,0.03740651990738543,0.002032276960971644
878,241.108,86.474,0.035595768270606794,0.0020349957387313313
879,353.611,86.829,0.03726473306444583,0.001995855336838081
880,324.658,86.832,0.03747530127678776,0.002044561365991068
881,208.428,87.166,0.034378151312960535,0.0019984092281890393
882,77.195,87.21,0.033131270667733644,0.002020470196794261
883,40.12,87.232,0.03543596396487763,0.0019204688519567927
884,229.878,87.2,0.035222063843787524,0.0020293148837042577
885,163.765,87.316,0.03231207464046313,0.0020244928574031248
886,290.78,87.326,0.03710887257364287,0.002018806337625185
887,20.833,87.663,0.03647277953917241,0.001889716047678501
888,131.724,87.678,0.03167678109529487,0.0019920331468134067
889,190.796,87.933,0.0335654926427963,0.002010234064796179
890,112.407,87.977,0.03185851485091576,0.001989614438088341
891,259.89,88.192,0.036226335269470084,0.0020307724262069254
892,336.446,88.1,0.037450972849790515,0.002042925140747391
893,68.804,88.284,0.03360325223801308,0.002017795728847364
894,299.989,88.618,0.03728884810606438,0.0020257525541803735
895,145.408,88.619,0.03180255973206961,0.0020073213323798514
896,3.847,88.621,0.03707217435380131,0.001949795379433191
897,97.146,88.739,0.032266493281773306,0.0020056421336296735
898,220.826,88.931,0.034896463072687095,0.002017482482632053
899,55.281,88.969,0.03445861440097884,0.0019866666963693695
900,174.197,89.019,0.03275990686124802,0.00202873901876256
901,250.398,89.15,0.03591387184065755,0.0020367112123833185
902,316.549,89.307,0.03746152158584689,0.0020423720948967794
903,32.246,89.416,0.03590297699525325,0.0018978899736726842
904,121.144,89.711,0.03172854327776567,0.0019889787293873133
905,201.43,89.725,0.03406643596040326,0.0019997950121848694
906,347.219,89.743,0.037360288602242935,0.0020220229212549283
907,166.331,9.017,0.02478714110841409,0.00038937848521364445
908,85.988,9.997,0.02485842221445136,0.000397045446638559
909,282.584,90.036,0.03691646010477026,0.0020203677754291483
910,270.0,90.0,0.03654966379931503,0.002025055014186353
911,90.0,90.0,0.03253383534957863,0.0020150204240464496
912,157.083,90.122,0.0320821676043857,0.0020212075681660573
913,236.288,90.22,0.03544178835904584,0.0020365689723746997
914,14.197,90.414,0.0367492561997505,0.0019060311338984575
915,104.979,90.612,0.03202647763416758,0.0019971165910081246
916,329.366,90.735,0.0374755425555872,0.002047990296233923
917,45.38,90.785,0.035104489007664975,0.001945986727019982
918,184.421,90.82,0.033249869307369534,0.0020203128107224235
919,137.331,90.919,0.03169638679072787,0.001998598064021435
920,307.063,91.189,0.03737661241406915,0.0020322881235710784
921,212.934,91.271,0.034566862227314615,0.0020040331570334025
922,62.89,91.335,0.033958534280738736,0.0020090476171090075
923,357.532,91.544,0.03720022951909825,0.0019803419397766337
924,167.8,91.897,0.032463277656994784,0.0020273862371305274
925,25.068,92.026,0.03626473347556099,0.0018879593223708761
926,294.702,92.052,0.037177098708211745,0.0020208063430532707
927,73.468,92.193,0.03332348870546867,0.0020218422315846714
928,244.235,92.236,0.0356908544535328,0.0020359089868149456
929,226.245,92.299,0.03507889582393988,0.0020236787222866186
930,264.182,92.377,0.03634542457286139,0.002026103564534482
931,92.675,92.449,0.03241168302917152,0.0020100930598592553
932,255.665,92.466,0.03606685120901026,0.0020312614481911993
933,276.813,92.503,0.03673327653015861,0.00201911781659641
934,340.631,92.513,0.03740219096349311,0.0020352598378169827
935,194.804,92.545,0.03373769755000403,0.0020032580243694487
936,127.947,92.571,0.03166599843912056,0.001989042537486366
937,149.998,92.65,0.0318751327501081,0.0020108289547859865
938,321.651,92.967,0.037451952059327734,0.0020429601545312523
939,115.943,93.121,0.03177482506203224,0.0019863966763543632
940,37.053,93.23,0.03559882503419456,0.001909037170503974
941,7.78,93.323,0.03693470933736473,0.001927189365969664
942,271.077,93.463,0.0365475314663539,0.0020194852264304253
943,80.343,93.506,0.0329459913560612,0.002019278129741547
944,51.387,93.661,0.034682370458303635,0.0019684123573161126
945,178.103,93.748,0.0329111916125509,0.002021804599581122
946,287.796,93.896,0.03700025214994988,0.0020142061591432855
947,205.753,94.001,0.03422284156899045,0.0019929679158096647
948,100.086,94.135,0.03213554581931786,0.0019973003253085948
949,351.164,94.419,0.03725979657770419,0.0020011100500992754
950,312.94,94.581,0.03737850457480998,0.002031195263920188
951,161.194,94.609,0.03217537136938592,0.0020172108389955434
952,142.287,94.742,0.031709140293843495,0.001996451048560331
953,18.328,94.902,0.03652723006634502,0.0018873665722988142
954,232.441,94.933,0.035254863186689134,0.0020237479378408143
955,217.872,94.941,0.03472130071287653,0.002002576824427862
956,86.168,94.982,0.03264943939158679,0.0020111542636514494
957,109.349,94.991,0.03187495025242655,0.001985090797595551
958,333.696,95.014,0.03739988823304606,0.002037033743782645
959,302.507,95.213,0.037250979475336794,0.002018369777746082
960,58.419,95.592,0.034185738927357656,0.001988064650672346
961,188.385,95.5,0.03338426073455092,0.002004002517917441
962,29.621,96.068,0.03596009507653998,0.0018815194404201267
963,67.089,96.09,0.03363126559943194,0.0020053031249312493
964,133.621,96.175,0.03161223199037472,0.001982287317504098
965,1.443,96.279,0.03703445265433948,0.0019477651603167746
966,42.378,96.51,0.035207359872343066,0.001919857326704095
967,248.745,96.533,0.035757053840499445,0.0020204454904076815
968,239.708,96.535,0.03545965946594125,0.002021023579900953
969,123.351,96.574,0.03163096948953563,0.001974808674593503
970,171.715,96.608,0.0325607616887046,0.0020136105759196894
971,199.01,96.97,0.0338540672891271,0.0019836205022551556
972,154.234,97.028,0.031909898932836245,0.002000675379384103
973,326.234,97.096,0.037357743792704505,0.0020297555401795364
974,344.614,97.137,0.03726411854309286,0.0020103373059535824
975,11.839,97.92,0.03669122185267857,0.0018928140371505956
976,210.421,97.931,0.034336593979779666,0.0019786823034402146
977,282.709,98.016,0.03676028317017793,0.0019965381866000683
978,223.347,98.035,0.03485196134792204,0.001996758948377552
979,297.041,98.059,0.03707395209207647,0.0020003994934463722
980,261.034,98.079,0.03611082678808193,0.002005779207411244
981,182.03,98.481,0.032999438878234574,0.001997722995926218
982,318.002,98.556,0.03728525294632569,0.0020171730418417945
983,267.65,98.576,0.036302748326390605,0.0019987237259410347
984,92.325,98.582,0.03230946103010541,0.0019881011470949755
985,276.654,98.644,0.03657026482133155,0.0019940451587742757
986,254.421,98.789,0.03587082846996327,0.0020052660340729948
987,72.487,98.987,0.033241398933188775,0.001996246749330405
988,146.75,98.998,0.0316867296026334,0.001981221466743705
989,48.34,99.079,0.034746055685733565,0.0019330493619399475
990,308.596,99.081,0.03719372994781671,0.0020047929908846977
991,22.724,99.144,0.036202981173830195,0.001862774946935747
992,355.056,99.174,0.0370570562683494,0.0019621099639544064
993,165.131,99.288,0.032212365905016714,0.0019969251709467195
994,290.576,99.291,0.036896837306170605,0.0019894540190655446
995,78.782,99.312,0.03289471252936802,0.0019950268103451746
996,117.9,99.41,0.031617297164248215,0.001959495884213245
997,337.75,99.572,0.03722611987358685,0.0020089854948991833
998,104.146,99.65,0.03188903346778579,0.001967307412038168
999,34.586,99.682,0.03556835883877241,0.0018746646730743936
