,theta,phi,flux,std
0,194.582,1.139,386.0307756697,29.40895907887239
1,254.752,10.945,402.6810693169,59.32283069105892
2,192.506,100.056,526.5726046274499,202.3481942302506
3,138.521,100.311,517.924944403116,200.90356174483384
4,229.478,100.365,590.6269058674002,224.20484209691358
5,129.184,100.651,525.6003576305999,200.19152521866792
6,55.088,100.689,597.1246538567001,211.17472379769754
7,111.561,100.68,541.3092120053001,198.17749557996314
8,62.881,100.945,585.8190313740599,207.73304782761375
9,5.441,100.969,678.06187081831,235.127380958866
10,97.92,101.088,551.347328416322,198.32796360171042
11,203.509,101.126,539.9212591352,206.15828706030175
12,175.608,101.38,510.55601560399,198.5869033491216
13,215.523,101.399,560.3422048831,213.28272180220924
14,244.414,101.484,623.2856882530601,235.06093759645577
15,86.346,101.487,559.6890785812,199.9832679769195
16,330.428,101.577,722.9001672178559,247.41162193050982
17,158.221,101.662,506.53983622012294,198.88776015113586
18,236.409,101.662,603.99315482436,228.6523449264868
19,348.493,101.898,701.2075560668499,241.25325589026605
20,16.122,102.337,657.4703471179602,228.8140397047996
21,303.501,102.592,728.4841829764,250.1513795266135
22,40.049,102.731,616.6562882247997,216.54359657311232
23,322.475,102.959,725.1551989548663,247.56201509626746
24,27.475,103.044,636.7964170064,222.50243688964153
25,186.078,103.15,515.3225556096199,198.4436028828145
26,313.652,103.448,727.1653624424,248.2486303917235
27,271.172,103.548,681.751418921763,247.88255019154013
28,150.851,103.578,505.5362288604781,198.02370700331994
29,358.995,103.942,681.1786226588001,234.95354987224033
30,284.396,103.973,705.8241795216456,249.58490303568715
31,262.503,104.009,660.9328249423102,243.8626683749826
32,168.993,104.087,503.33946086682,196.209513143248
33,124.014,104.136,524.4486134035001,196.74261340265255
34,221.141,104.26,565.8617534181001,214.6039272269899
35,341.633,104.327,703.6090540106741,240.8927342655035
36,196.883,104.411,524.49276513458,200.23209318430193
37,68.442,104.628,571.8689980300302,202.40495634872065
38,250.139,104.658,629.87755623486,235.75040479694448
39,297.697,104.847,718.4523383463999,247.86232013798266
40,142.863,104.84,507.4637079610483,197.182928719552
41,208.39,104.911,540.7295604801999,205.33743031744297
42,46.086,105.043,601.8446047474,211.23916219197386
43,134.048,105.176,513.6634474699,196.75843309582427
44,80.913,105.409,557.06701077992,197.76011325917744
45,277.37,105.438,689.4642274164812,247.01666646036244
46,291.29,105.493,710.6754380906999,247.5660105678757
47,9.63,105.542,660.3148545508701,228.36713717327285
48,256.401,105.649,642.26859070166,238.50606858420713
49,105.032,105.661,537.1643923863735,193.8423843132985
50,90.752,105.836,547.7720323545509,195.18137154339075
51,179.582,106.149,504.56687435873005,194.57160529599278
52,74.673,106.245,561.34061164222,198.6410156427818
53,334.352,106.316,706.261242107312,240.82516924064677
54,227.339,106.333,573.4873675715002,216.4074648262163
55,118.164,106.374,525.1238353966,193.83389598348367
56,52.759,106.387,588.5879466931,206.71821474733804
57,60.144,106.437,578.2910216150302,203.59012738329838
58,162.065,106.475,497.88969204268005,194.18099064865058
59,32.664,106.488,619.9616287092999,216.09003067191256
60,20.726,106.489,639.61210328192,221.94380904408465
61,352.372,106.73,683.0099588502901,234.1388559543088
62,241.695,107.027,603.9393043743701,226.62974652786653
63,111.774,107.04,529.0119445228999,192.55106846364674
64,234.17,107.372,585.86622887885,220.39251917787897
65,97.54,107.408,539.1855742664659,192.52381959987204
66,308.577,107.462,715.0057714283001,243.5055287295231
67,326.524,107.682,708.4479642566849,240.669437345974
68,190.35,107.684,510.25306698437987,194.58385760857513
69,318.006,108.184,711.2856370239,241.35810595802306
70,213.733,108.204,542.6414284715,204.77408210243237
71,154.708,108.395,494.942930173821,192.56770787929284
72,201.613,108.475,522.3416399806998,197.68666326299717
73,3.089,108.655,661.58619433336,227.09210204649398
74,267.422,108.755,658.66075589413,239.42042767215025
75,172.887,108.94,495.10200487316996,190.9980236018013
76,128.845,109.153,509.7745375510001,191.90017740803796
77,345.45,109.21,684.2017979993499,232.95316951173896
78,38.359,109.335,603.13183497,209.65055981802666
79,146.809,109.662,495.5261919474609,191.65936048619838
80,14.112,109.92,640.4293500458801,220.29828505999737
81,42.262,11.244,396.3567757320001,48.88940594270692
82,6.126,11.36,409.5007664054,56.473547094076466
83,283.449,110.001,685.5554945843999,240.93484537085007
84,138.247,110.034,499.990778490792,191.25991430258674
85,25.742,110.274,620.6122838883001,214.31316008831436
86,86.353,110.309,540.8378157958199,190.74186711568458
87,302.817,110.382,702.9660523087999,239.36797615229796
88,66.359,110.537,560.2548516668298,196.08852528582838
89,248.053,110.662,608.3449437591,225.77298722184716
90,183.746,110.844,497.27014843002,189.42012536045485
91,219.596,110.859,546.7680116984,205.0451099792447
92,274.898,111.039,666.5348080076186,237.85190084897283
93,338.12,111.239,685.9893898155851,232.19401405353454
94,165.874,111.399,487.64299059546994,187.9507121743148
95,44.597,111.413,587.3155813741,203.65824334025322
96,356.359,111.568,661.79174014723,225.2294173116936
97,261.727,111.628,636.59067159971,232.16705651327743
98,103.456,111.656,524.1340192296701,186.79324184123544
99,289.944,111.952,686.4753999401,237.41701285850246
100,296.518,111.968,692.6421662331999,236.96799175707963
101,122.962,112.03,507.73474089010006,187.44197640274953
102,194.953,112.0,505.06016338899997,190.31783351455422
103,206.785,112.141,520.8556198742999,195.2078969196377
104,254.981,112.255,619.1303857131401,227.46418989451232
105,58.644,112.351,564.7998982029001,196.32359581765581
106,51.374,112.51,574.1547622243,199.0330525151235
107,80.247,112.594,540.13173577476,188.94183505315118
108,330.287,112.641,687.7567383091297,231.64439904118507
109,73.296,112.657,546.6790617216699,190.77788789523666
110,94.363,112.692,528.2007410221939,186.1198895852385
111,226.001,112.694,553.6067298082,206.26291347296936
112,312.774,112.6,696.1063913111001,234.54445575405262
113,240.294,112.955,583.5026809832999,216.42068634716713
114,321.868,113.195,690.8854824984999,232.20815936158604
115,7.449,113.24,639.61163514626,217.78319103987798
116,158.438,113.379,482.89582282374994,185.64038653731984
117,232.924,113.488,565.6188437589701,210.05630999324782
118,109.929,113.543,514.1395210228662,184.17745845621639
119,31.248,113.569,601.3526118588,206.4199992486034
120,116.56,113.574,508.8673614081,184.58575392233737
121,176.927,113.782,485.6033741171301,184.54909326094642
122,18.993,114.011,619.0633308728002,211.30560131414558
123,349.315,114.158,661.4811991288102,223.09489447969761
124,132.847,114.405,493.5674038399,184.90664759624434
125,150.494,114.701,481.6760160220908,184.18206791899826
126,141.982,115.142,484.92790540599333,183.92143354387153
127,212.473,115.279,521.1282831735,193.31950592864013
128,270.055,115.324,640.829175013355,228.35865876118206
129,188.218,115.391,489.02763464670005,183.28999316209456
130,280.134,115.583,658.4286758476999,230.0229836081231
131,306.791,116.009,681.0014201206999,228.41740312280405
132,199.993,116.0,500.33925973109996,185.86565718243986
133,37.296,116.228,582.9206841690001,198.95191894462658
134,341.852,116.283,662.086735520959,221.53772372500055
135,0.576,116.342,637.88823075766,214.71856795577702
136,169.767,116.372,475.82926983586003,180.3203333337566
137,65.827,116.591,543.01834295894,186.78921964345736
138,88.953,116.614,520.85551451858,180.7891089619633
139,247.622,116.737,586.7208336719201,214.2831666757057
140,99.555,117.098,511.3725054852357,178.75538555524145
141,12.195,117.612,615.8991573128701,207.3912675381328
142,24.373,117.703,597.1407926700001,201.89582867083112
143,218.713,117.736,524.2449614670999,192.75429867017084
144,126.682,117.752,488.75450800970003,178.88489978313328
145,333.891,117.771,663.1646012423679,220.42531853621074
146,316.363,117.946,672.1549118247998,223.17064365346067
147,263.381,117.9,616.5900568930501,220.39369832309637
148,43.883,118.078,566.4429758778,192.5065242454494
149,286.411,118.143,656.2645277324999,224.87593835610542
150,300.192,118.198,668.1998176898999,224.1311729495298
151,325.396,118.413,666.2198868703,220.73774935328362
152,255.6,118.42,597.74385848681,215.4731395905924
153,162.163,118.468,468.94463149696,177.07440955857314
154,58.322,118.519,545.5371215636003,185.93850909837712
155,181.241,118.542,474.9538715764,177.05781471838247
156,81.85,118.751,519.84120684775,178.41731852366956
157,73.831,118.776,527.2052058637599,180.3912604778181
158,50.941,118.918,553.6925246725,188.0095670105593
159,293.259,118.966,659.0432042015999,222.63739190823568
160,240.137,119.099,561.5413972816,204.31477118404837
161,353.355,119.106,635.8062437545501,211.50271202091383
162,225.483,119.333,530.8125778975,193.63161101597615
163,205.568,119.567,496.8062251911999,181.83166284289328
164,105.864,119.666,498.27194057169,174.06291691262115
165,193.122,119.7,481.1315534433999,176.9504816064796
166,136.27,119.843,475.46635390781694,175.79253141802246
167,232.684,119.865,543.0864161974201,197.5087116222786
168,119.902,119.866,487.2269632657001,174.46562185309688
169,154.049,119.894,466.10651742833704,175.08748766476216
170,274.554,120.164,628.5283669823604,218.71333584206306
171,145.407,120.439,468.0121971299138,174.6203897208474
172,112.814,120.553,490.23043816190005,172.6873177609246
173,30.327,120.863,575.6467478349,192.70318610370262
174,5.158,120.977,611.7347613560702,202.9299530715811
175,173.878,121.329,462.68378777267,171.46510181517513
176,345.675,121.387,634.1772795808698,208.6385804873413
177,93.418,121.42,501.427536425718,171.48195839590463
178,17.452,121.669,591.1760836077999,196.38013914850805
179,309.985,121.736,653.7057544606,214.95222051272393
180,211.745,122.56,495.75569544879994,178.85658291799479
181,66.769,122.643,520.7757625460001,174.86005427940506
182,248.735,122.749,564.8718621433302,201.45570088463444
183,337.468,123.014,634.773909854685,207.12788175289458
184,185.97,123.141,463.471486268,168.69472909067937
185,266.972,123.175,600.23827689791,209.05743799196298
186,36.888,123.335,556.0301792997001,184.45423021021145
187,319.527,123.456,643.4537505213,209.4065957844922
188,280.536,123.501,621.9001893686,211.32170011985218
189,129.649,123.557,467.83420317279996,168.12330599814257
190,166.021,123.604,453.54395789760997,167.10033046522597
191,198.585,123.663,474.0418902295,170.72261742147734
192,328.729,123.783,637.3025060348451,207.02680109910003
193,357.717,123.985,607.42805834888,198.40774460556506
194,85.361,124.051,498.09190365611005,167.34195125741007
195,258.028,124.125,578.01008598273,202.95935006558963
196,302.838,124.348,637.7000404377,208.8602415118631
197,76.12,124.527,504.27808596995004,168.2742627921063
198,59.239,124.79,520.8375153739,172.61223719131607
199,218.538,124.815,498.32498142459997,177.6926458180934
200,99.42,124.827,484.6249203456285,164.18014459774002
201,44.012,124.94,539.2444149496001,177.84567927488052
202,157.609,125.188,448.7222090348269,164.32991661965312
203,23.335,125.288,566.5278390333002,185.37129488630927
204,241.285,125.306,538.3676569477701,190.5063354873171
205,287.595,125.318,621.1815744514998,206.92084535219783
206,10.254,125.379,584.2068846853999,190.3196637585659
207,139.285,125.426,455.33593729742,164.61079068265855
208,51.547,125.489,527.3108709616,173.75227638430144
209,295.217,125.587,626.4149256782999,205.97348388462655
210,148.662,125.875,448.91676308864294,163.31063319733107
211,122.245,126.065,463.9324941902,162.26958532938318
212,225.87,126.149,505.2420881946,178.5767847564503
213,178.365,126.2,448.7241446603,161.66164964906184
214,233.55,126.374,518.5519924096,182.89943107584148
215,349.744,126.491,603.89441625249,194.386470533584
216,106.579,126.767,471.93095257034,159.92319750769488
217,204.72,127.148,468.84153959009984,165.3207699268918
218,114.383,127.175,465.05108394039996,159.33414726273452
219,272.329,127.397,588.3587335924632,199.06710364626872
220,191.275,127.48,452.91234808900003,160.35451320219602
221,312.597,127.555,621.3585632526001,199.1070639181477
222,341.168,128.318,602.86501003178,191.87566603300817
223,29.925,128.319,543.2731409769,175.09524701322084
224,90.664,128.387,477.07501745556306,157.088956477972
225,69.28,128.525,494.7579093256999,160.95854143524588
226,251.473,128.53,543.69790489622,187.76138750514133
227,2.573,128.714,577.2255144055099,184.2120803244893
228,170.175,128.724,437.00822438723003,155.90238574075633
229,322.409,129.09,610.3993891602,193.34636447711418
230,262.274,129.213,560.8935377578699,190.66460626540587
231,332.011,129.261,604.5180719025049,191.18388438183152
232,16.025,129.433,556.3713713319,177.43663802804542
233,132.042,129.436,445.1249127206,155.30702325152583
234,80.209,129.74,479.6995221971601,155.5364567041434
235,211.597,129.994,467.05303164489993,161.51892556471788
236,316.008,13.078,423.97160574220004,69.49939754121402
237,217.843,13.301,385.38536164019996,59.49427936716602
238,187.575,13.616,372.93326839940005,53.76314446031921
239,289.715,13.842,422.960195657,72.73613351871288
240,279.256,130.388,582.0001999023001,191.51754316206464
241,304.675,130.471,602.6002882056999,191.3469742918048
242,161.335,130.531,429.93480933701994,152.04177056920426
243,37.23,130.587,522.9020855302999,166.37579225806869
244,183.416,130.897,434.6354130296999,151.21215979602593
245,61.578,131.008,491.99503214440006,157.0125208741605
246,142.03,131.123,433.64284657839,151.53969070209374
247,151.893,131.407,428.5191614397394,150.43897454520248
248,243.926,131.409,515.0879159776899,175.49862201129667
249,197.322,131.433,443.9868983806001,152.49003079634562
250,354.245,131.526,571.31066285653,178.74683508561768
251,97.614,131.553,459.08550817561746,149.1268494327297
252,45.138,131.906,506.5663977506,159.98249170025716
253,287.371,131.959,582.2246404531999,187.44417867309298
254,296.075,131.985,588.7337314578999,187.1596513178127
255,219.194,132.021,469.87169352829994,160.11668816304567
256,53.385,132.096,496.0943393834999,156.75702731358925
257,123.769,132.221,439.3313567051,148.14849841522792
258,235.737,132.881,493.0913591132999,166.6410350898319
259,22.618,132.996,529.5847062054,165.0213704328772
260,227.348,133.041,477.9745215042001,161.42289212404455
261,8.13,133.189,546.3755714280001,169.46865127592858
262,105.868,133.329,445.97366245037995,144.6506667948583
263,268.396,133.447,548.13430831299,179.6672452100713
264,314.757,133.45,584.913066251,181.04469071300505
265,114.832,133.56,439.3435275815999,144.3678267858907
266,345.177,133.627,568.36815515438,174.98367512959013
267,174.832,133.758,420.40938881840003,143.86388613919112
268,256.039,133.863,524.8164119594198,174.03705739324917
269,73.584,134.028,467.1102462299,146.1771789944339
270,86.205,134.169,456.28544071005,143.63937767750534
271,335.407,134.802,568.6965403628711,173.42939443245098
272,325.143,134.819,573.9061560668,175.20345659240485
273,204.258,134.847,438.1691079278,145.9570553744908
274,189.255,135.308,422.3212538108,140.97155583832924
275,133.972,135.38,421.49633615694495,140.62266705200724
276,165.43,135.866,411.00613483985,138.62728309031095
277,30.127,135.891,505.4727540867001,153.9726393479835
278,359.418,136.404,537.80649102916,162.24411567250434
279,276.335,136.537,541.2387543804372,171.28494119764397
280,305.788,136.58,563.7059237786002,171.78614960051644
281,144.639,136.905,411.1909155932599,136.73780092007178
282,65.665,136.981,461.3181212659,140.06485818689876
283,155.275,136.994,407.62205261864,136.0590484878071
284,248.391,137.205,493.74960733887997,160.05920365811767
285,14.613,137.277,516.3456243941,154.90200761016882
286,94.121,137.513,436.37214879757397,134.25422616421653
287,212.157,137.532,436.84239023969997,141.70652203377242
288,38.523,137.917,485.2431661263,145.15922443864906
289,285.736,138.193,541.2413248082,166.7844797161535
290,295.862,138.215,548.3971323040998,166.73132518946343
291,124.526,138.348,414.7219509619,132.37224368365543
292,262.692,138.468,510.35447245302,161.44060760383925
293,56.813,138.59,462.48120795000006,137.8113289294032
294,180.26,138.61,404.9058720341,131.41505405162076
295,47.57,138.872,470.6450932569,139.58804145686184
296,349.743,138.876,532.63977451497,156.87062838431336
297,79.985,138.878,440.6905625279501,132.02162238062868
298,239.63,139.217,469.0850287186,149.50087069393464
299,220.933,139.279,441.03715814450004,140.5294260677839
300,196.127,139.286,412.8719127139001,131.67925671282572
301,316.554,139.407,546.0393719074,161.09579728386163
302,103.669,139.455,422.06541645998004,128.80673481252168
303,114.136,139.754,414.7095545174745,128.18856359555204
304,230.271,139.889,451.3554538679001,142.83878268604477
305,118.792,14.216,371.73700373120005,48.82907249170943
306,143.719,14.398,367.754496739321,50.15163878890329
307,69.115,14.964,386.83648572489994,55.221289018358924
308,339.133,140.363,531.256169464585,154.16931311729098
309,327.885,140.614,535.4606055078918,155.3145046516488
310,22.242,140.799,488.7829447007,141.4186148494505
311,5.569,141.009,504.88804358899995,145.56285501519838
312,170.174,141.124,393.31041447607,124.49473160799084
313,135.51,141.376,398.34986443941,124.34899233888738
314,271.58,141.986,502.038878741297,151.5287518924864
315,255.144,142.412,476.90964346129,145.45004699297525
316,71.99,142.451,431.72218514879995,123.28445378120364
317,159.049,142.591,387.89755185690404,120.59363515027913
318,204.25,142.636,407.89481030769997,124.404497587497
319,306.164,142.677,523.3297941648999,150.73713416652393
320,88.725,142.717,418.38446837077,120.396968062317
321,147.267,142.747,389.51101663087275,120.41052535013375
322,186.806,143.152,392.5489086152999,119.55755905236082
323,31.137,143.537,465.35943030149997,130.09775477923284
324,355.216,143.973,497.31404607188,138.28154682599137
325,282.456,144.027,501.1806413508999,145.89808468007521
326,294.428,144.282,507.8886734545,145.3866798931591
327,124.457,144.444,391.988650084,115.3575309735142
328,62.433,144.759,429.82825845689996,118.38499379837857
329,213.704,145.122,408.34144334650006,120.23261162500592
330,99.694,145.129,402.18661748619996,113.13083512938131
331,245.857,145.144,449.52019725499986,132.70386334750023
332,13.069,145.176,474.47512554989993,129.69784873908438
333,41.18,145.242,446.9911808510001,121.92676216949147
334,318.059,145.415,506.3977315269,139.83648862453512
335,51.882,145.692,435.04852711880005,117.89455518811972
336,112.08,145.751,393.20478899327003,111.37859790028595
337,343.513,145.887,494.07965942078005,134.11198692813872
338,175.975,146.208,378.39921904460004,110.30259169591481
339,330.844,146.448,496.87596199126415,134.3573414175346
340,224.265,146.486,415.30186882749996,120.02296200777272
341,235.288,146.521,428.7981292411001,124.0010896134178
342,264.668,146.638,466.83230197564,133.4311346384361
343,81.134,147.041,406.62873143629,108.7180226609592
344,194.883,147.198,384.59497450870003,109.25902779372093
345,136.698,147.414,377.84358500919996,106.93614296522448
346,163.586,148.142,371.11177568467,104.66761196818473
347,150.136,148.623,370.8839058370658,103.35389152649788
348,22.29,148.674,448.3394919573,115.7532214803755
349,305.674,148.75,484.27049986199995,129.03391582759448
350,2.103,148.787,464.74366279120005,120.18010072117374
351,277.061,149.378,464.642927667348,125.87410559677465
352,339.997,15.096,426.62504460007,73.53139168807125
353,291.394,150.148,470.3364868078,124.19386632249034
354,93.425,150.239,388.13159338433206,98.65578607766071
355,71.177,150.265,401.64920597839995,100.43447828053635
356,255.306,150.285,437.30527267509996,118.14990906234603
357,204.875,150.488,382.4093288522,101.83213672355839
358,123.352,150.493,373.4789345598802,97.69045126516772
359,183.429,150.966,368.4581075031999,97.17687333141197
360,349.069,151.292,460.1715520902699,114.20458972645832
361,33.41,151.2,427.6882888826001,104.89579455434469
362,319.333,151.463,469.42486313140006,118.17798236955706
363,108.183,151.492,377.06484480989997,94.73955121549429
364,59.145,152.123,403.9595264445001,96.7346216077099
365,334.364,152.287,461.621568605325,113.24223648249591
366,46.067,152.428,412.747623653,98.24973184296356
367,243.556,152.646,414.1933101205001,106.73978613102399
368,216.868,152.69,386.79012401479997,98.52577890567736
369,11.1,153.106,436.95168659539996,103.65371633176981
370,230.236,153.47,397.16383347630006,99.95693975852318
371,137.551,153.486,361.92564485810004,88.80756332299838
372,169.511,153.553,359.54412831791996,89.01715377477348
373,268.819,154.054,433.8880855530901,107.94454079203165
374,153.631,154.503,357.41660698404297,85.91918582079573
375,84.144,154.553,381.06137240114003,86.53144467635894
376,303.985,154.777,450.0441225368001,107.65550863795826
377,193.36,155.151,364.6236457404,86.30980016608571
378,285.996,155.712,438.2603747718,104.05572338061567
379,356.699,156.433,431.14819022029997,95.40505763800141
380,120.72,156.46,361.1956375722,79.92623087005613
381,22.993,156.597,414.2309493067999,89.789190562714
382,101.521,156.839,367.4533789274001,79.09472496769821
383,320.45,157.542,437.465219561,96.99990551256148
384,71.24,157.696,380.2890393627699,78.29456428146419
385,256.892,157.713,408.55513250414003,93.20669769004009
386,339.109,158.078,431.32554337988995,92.83788149267114
387,206.621,158.371,366.3074456732001,79.31702139039854
388,177.951,158.66,353.48327758614,74.56207526608483
389,38.09,158.786,396.77943465989995,79.86573792258208
390,55.127,159.204,385.4481967228001,75.76811407861496
391,138.045,159.582,352.0289892179,70.28959392962736
392,241.098,159.869,388.2668888374,82.67984683335611
393,242.857,16.4,403.4004890882,75.27036913563792
394,97.473,16.601,376.3082412475275,57.281010936718964
395,17.945,16.807,415.6760373889999,71.30526945251695
396,223.229,160.091,374.2081647139999,77.9191071313737
397,158.543,160.331,349.327449477834,68.48442203080322
398,300.297,160.706,420.77664552849996,87.2150421616452
399,276.757,160.754,410.9873654643885,85.83067278115853
400,7.966,161.033,406.4912739167,78.28969370644867
401,90.441,161.499,363.61422742002,65.51134859042543
402,115.389,162.26,354.5856846007,62.20654129984948
403,190.929,163.119,353.19068232980004,62.9106992970997
404,321.536,163.643,410.63234798549996,76.28039256533677
405,346.588,163.709,405.94886123720005,73.14456168023844
406,25.108,164.539,388.2718426454,64.16128065522422
407,261.193,164.79,389.58294890028003,70.37303691251418
408,72.733,164.87,366.85434357441,56.675346747280585
409,138.049,165.696,349.6782719950001,51.522264814594394
410,166.862,165.982,348.70963005209995,51.99190197501913
411,48.669,166.038,375.53465898369996,56.01528502952471
412,211.127,166.221,360.56549369420003,57.09977258188192
413,292.464,166.405,399.42708521700007,67.66701745532443
414,237.531,166.902,373.3131329913,59.89006201801158
415,104.21,167.658,357.3305972484218,46.207047308278526
416,0.891,168.865,388.75910175150005,54.62748084430288
417,322.958,169.758,393.569581269,55.783855286507986
418,164.332,17.026,366.22474395003997,60.31443536395074
419,270.051,17.055,423.38516386659995,82.53513877151067
420,41.875,17.363,403.43095838010004,67.71577357594678
421,184.793,171.041,356.2888623403,39.52762809661149
422,273.598,171.405,383.63354243992603,49.85059621070349
423,136.983,171.818,357.40240326781407,34.20231967405695
424,78.34,171.832,365.08840776730005,36.342628017048156
425,32.597,172.419,374.83454457399995,39.81414028771723
426,228.054,173.742,366.61363118559996,38.065057520740325
427,327.162,175.872,377.3156869578999,36.19836555711291
428,127.254,177.91,365.00339025079995,25.196222277207394
429,356.297,18.996,434.20771178570004,83.5484595085533
430,197.652,19.075,377.4265213818,72.28901553199151
431,219.016,19.41,391.616702757,78.96636606667698
432,307.78,19.765,448.2250506176,93.78719666517775
433,325.42,20.547,451.54599823300003,94.75000857926992
434,61.484,20.611,398.5555264377999,74.31130626753108
435,83.329,20.717,386.56282784626,71.6659465618505
436,133.474,20.763,369.30577581439996,70.04441811296566
437,290.575,20.989,449.69534184850005,98.47359687783081
438,178.253,21.174,371.31985757199993,75.0064874307072
439,116.515,21.319,374.0838424658,71.77846854111331
440,258.012,21.68,430.93905093307995,96.92045246609979
441,149.829,22.113,368.72372363789566,75.1096937880728
442,237.526,22.241,414.03902651529995,93.55959609926602
443,24.169,22.572,429.9519212239,89.00847124270925
444,340.463,23.087,459.60498636290004,101.02779483459923
445,42.153,23.469,419.6697253109,87.5547083477862
446,101.842,23.7,383.3002725988035,79.89179845705387
447,6.684,23.84,447.86353943550006,97.69893115505968
448,276.642,23.962,455.8392634611506,108.2702863336519
449,203.481,24.807,390.24048755440003,91.12209224745337
450,163.357,25.018,372.93856265631996,85.12648485775667
451,220.094,25.501,406.2685106478,98.5469937709484
452,74.719,25.772,402.79779168768,88.58570242112836
453,187.454,26.092,382.2759653172,91.2608346620108
454,57.724,26.509,417.11701505059995,93.91511390444396
455,316.545,26.726,484.24851078259996,118.06788895191269
456,302.994,26.74,482.9199180607,119.37252593331571
457,351.974,26.849,471.61844977179004,111.7093071851475
458,250.939,27.023,444.84143908050004,114.06205098033298
459,90.791,27.484,397.184591052606,92.25565694371876
460,127.353,27.526,381.07671007816,91.48683087977244
461,140.4,28.005,378.84706602040006,93.2617071980419
462,266.65,28.182,467.2177555987199,122.23088896686694
463,234.987,28.228,430.4117142601,112.64956416501907
464,329.36,28.253,490.2247860113486,121.51356943260214
465,290.301,28.356,486.6973867193999,125.45222321741902
466,28.23,28.435,449.0398240741,107.56865439730875
467,114.627,28.62,387.9338964364301,94.91402320233414
468,173.712,28.974,381.6166390454,97.8910842227424
469,13.68,29.127,465.5478138143,114.05517127096705
470,42.833,29.553,440.02975145370004,107.27151046795314
471,152.382,29.921,381.019838262664,99.51775108964074
472,207.497,30.63,407.22168057190004,109.8758641202674
473,340.378,31.043,500.72331220606,129.25972824671734
474,103.551,31.193,399.6688965405,102.88271344809658
475,69.594,31.341,422.8542872451001,106.61114995073204
476,0.551,31.36,487.8756557107,125.40730558709646
477,193.901,31.389,397.47827048449994,108.13617804016113
478,279.697,31.396,495.9788858542001,136.01319881694965
479,221.279,31.565,425.2658190933,118.10756801667378
480,83.112,32.234,415.69039036498,107.27984468172893
481,55.945,32.524,438.8800894108,113.31057916071872
482,246.853,32.755,463.75812016250006,132.6443297407405
483,162.555,32.974,388.09266515721004,108.93268711347037
484,259.937,33.228,484.0577197608701,138.82126763520685
485,310.227,33.322,522.5773336045,142.80941270072265
486,181.556,33.573,395.43371517879996,112.16163436258603
487,299.312,33.991,523.9927037389,146.11098365229236
488,321.123,34.041,526.4932520682001,143.812322264304
489,233.958,34.282,451.79334933490014,132.20542201847675
490,31.347,34.318,471.4320679594,126.13591380463615
491,133.506,34.365,396.29455986741993,112.51922734721988
492,122.767,34.599,400.81519659365256,112.98261185187266
493,18.809,34.623,486.4824192442,131.16623963223498
494,349.374,34.748,515.7481029064801,140.23428826205728
495,94.779,34.999,417.03786613270984,114.42004545740114
496,143.964,35.466,396.4639111798021,115.91489065655175
497,271.585,35.578,511.546655864078,150.12680315164656
498,43.854,35.609,463.788753356,126.3672691808836
499,331.185,35.997,535.1025796122564,148.85033497992447
500,289.301,36.061,531.1133307938,153.62874259892533
501,112.62,36.229,410.70259788028994,117.62455955038058
502,7.089,36.304,507.5183442287,140.4674658779789
503,210.68,36.472,429.3440907876,128.50431318891776
504,170.874,36.84,400.29047171635005,120.42302600315111
505,198.785,36.866,417.8753384373,125.25779823131798
506,66.7,37.221,447.2656047063,124.93671641264143
507,222.661,37.594,449.22211480629994,137.4364106190204
508,78.07,37.647,438.94742383195995,123.88184327542673
509,153.469,37.719,401.479173187339,122.5008972459687
510,187.661,38.55,413.93393825730004,127.13992394519981
511,55.397,38.6,464.2872586089,132.03193684764497
512,244.685,38.73,488.0384325919001,151.7894994496024
513,255.675,38.837,506.49355388967,156.88276180912803
514,339.978,38.947,547.7941697978799,157.11713607019433
515,356.631,39.07,533.5093718247,152.9036710214009
516,103.797,39.186,426.08467493405,125.97132366956401
517,280.852,39.418,544.5596439825999,165.16337715822152
518,88.321,39.785,439.13365832457,128.51122931450388
519,34.061,40.18,495.908709104,143.82659442297356
520,22.906,40.206,509.8347197456,147.945986912122
521,314.438,40.263,566.6795400802,166.62696001611667
522,305.013,40.281,565.7532639607999,167.86783412922256
523,233.927,40.369,477.6982828924,151.48462756164585
524,265.795,40.647,532.0276539921999,166.39762790389952
525,161.727,40.879,411.08732537796993,131.36560318488492
526,127.797,41.107,420.2099465408891,131.6962888423208
527,177.651,41.251,416.421985628,133.00995862478163
528,323.551,41.464,572.4342560469,169.1263340268138
529,137.011,41.46,417.6964341496901,132.95386072020764
530,12.301,41.49,529.3827755932001,155.7589787457197
531,295.878,41.621,570.1567594471001,172.9835454059198
532,45.213,41.628,489.03107142280004,144.26270164615067
533,118.675,42.046,427.9388712743001,133.95168980158974
534,213.498,42.29,454.60762620779997,146.49210126962123
535,202.789,42.417,441.42675679539997,142.0576920742259
536,347.453,42.638,563.4309778716199,167.46134545897905
537,145.777,42.974,419.80450527059435,137.089473446973
538,65.364,43.32,473.80527691130004,142.6787333302692
539,96.681,43.341,446.76734508322994,137.38805977884786
540,75.032,43.554,465.1993282277,140.92138416997548
541,224.304,43.579,475.58996385079996,155.56178875499353
542,331.912,43.707,581.9337542051761,174.8099683005444
543,192.629,43.736,435.43837020199993,142.18161761899114
544,2.57,43.787,553.2221498647,166.29845308040495
545,274.228,43.914,562.6170640265819,179.27925000910867
546,287.622,44.302,580.1346631028,181.7843763964416
547,110.231,44.328,441.47214478116996,139.75242981135077
548,168.759,44.708,424.58971098024006,141.56142085736906
549,55.755,44.712,490.223622034,149.4422097307151
550,253.261,44.876,532.90764088334,175.36482364298826
551,243.892,44.881,515.5996837134999,170.62360671767877
552,83.912,45.375,464.78917274809,144.0328751471533
553,153.744,45.46,426.205477060078,143.48096560842538
554,26.448,45.804,532.8970713652999,163.4551109780085
555,36.657,45.995,519.8826811867001,159.93965520244814
556,183.27,46.009,435.56424376659993,145.9567400288101
557,261.991,46.451,556.67547803526,183.8605097987536
558,234.68,46.473,505.73601935510004,169.876579778791
559,339.328,46.781,594.51450619252,182.7151355645165
560,16.679,46.797,550.9814468339999,170.1662118737591
561,353.778,46.854,579.98041399051,178.5299674710058
562,308.462,46.883,607.265306606,188.82516555834422
563,316.783,47.332,609.8732540917001,189.034111650664
564,46.94,47.599,513.6208298434,160.37729107484967
565,300.115,47.684,609.5749087024999,192.14846805885838
566,130.758,47.848,442.91713009484204,149.4416604102924
567,102.927,47.948,460.26024082488,148.77105811860292
568,206.317,47.974,466.1298935138,157.99822497821788
569,216.214,48.056,480.9435884991999,163.36991541839186
570,122.484,48.28,449.0167810178999,150.0859660444588
571,280.656,48.297,596.0733442850001,194.0640604521725
572,91.35,48.587,471.50981711240297,151.03511569667987
573,138.878,48.623,441.7493372417,151.62522541305356
574,160.789,48.713,436.55926173918,151.41934892417396
575,7.575,48.743,572.9110236893999,179.2210607687251
576,324.688,48.878,616.3974488242434,192.2863480492477
577,174.75,49.009,440.9376885476599,152.4061537935893
578,196.88,49.024,458.2250598317,156.71724339709235
579,269.422,49.446,585.1224365477699,195.2595171955833
580,226.272,49.507,503.1696886936,172.78577068800544
581,65.255,49.608,499.91882158760006,159.13491834269115
582,292.195,49.849,616.6899123763,198.90950040148954
583,73.6,49.894,492.30699065425006,157.46892449941666
584,44.916,5.124,391.56012560399995,33.58008969701117
585,114.484,50.053,460.4981953481,153.9232945522881
586,146.508,50.44,444.5894617271913,155.8160705998909
587,345.805,50.486,608.1972696455599,191.5296848037815
588,56.896,50.853,514.8436576262,165.01684863150987
589,188.073,50.978,456.02560457100003,158.7317785539025
590,244.223,51.191,544.7221553551999,188.60980141169927
591,252.346,51.306,561.7099291698701,193.54204419961314
592,331.935,51.339,625.7326742830379,197.86969202752894
593,29.729,51.368,554.1560102631,177.24575777726852
594,359.193,51.424,597.2915107432,189.74919530417404
595,81.28,51.707,492.07275720892005,159.96419858774567
596,39.317,51.738,541.8153808297002,174.0556059358296
597,20.56,52.144,570.9767357575,183.14256846273278
598,166.955,52.542,449.73144468225,160.1846994392397
599,236.15,52.588,534.3690589698999,187.05649970558306
600,97.025,52.919,483.7431469166779,160.50063784298942
601,259.904,52.953,584.4702408973901,201.66594216712824
602,153.461,53.112,451.44888852264995,161.75533795082094
603,107.174,53.274,477.40146714337993,160.95669948946252
604,285.11,53.471,629.4153872633,209.15393952352946
605,209.633,53.489,490.67813397760006,172.73843643531717
606,49.09,53.512,535.7485480077,174.33939205077036
607,310.318,53.588,645.7978455362999,207.84552648808335
608,275.181,53.619,615.8900897580451,208.37503108162096
609,179.929,53.626,458.8316473587001,163.32657145475224
610,219.005,53.741,506.95363230020007,178.85410839943071
611,11.951,53.83,591.2048834205001,191.05283075645195
612,302.568,53.987,645.9843894247998,209.74547411444837
613,200.707,54.338,481.03146418449995,170.30827507901745
614,317.854,54.391,649.2920148169001,208.88468848983945
615,338.437,54.525,636.9230826533301,204.87126381304236
616,132.258,54.642,465.69176083176126,165.2268885148393
617,351.46,54.65,622.7841098100901,200.9354954473034
618,124.607,54.692,470.5882749011001,164.8259330443336
619,87.746,54.93,498.52615879169997,165.88623703706676
620,228.646,55.365,530.2780316768,188.57114271570114
621,139.613,55.743,464.89198573966996,167.69067167874104
622,294.934,55.773,650.3683790168,214.81294270798296
623,266.343,56.049,611.2273969443601,212.24345989950527
624,192.332,56.057,476.73672011660005,170.8471796785064
625,116.955,56.088,480.551734466,167.2020477293802
626,66.256,56.101,523.9614638727,173.76596891136566
627,324.933,56.209,655.4902267177232,212.28534241091572
628,3.936,56.219,613.4444997335,200.18660773393455
629,159.691,56.458,461.02778574600904,168.55647861089233
630,73.594,56.703,518.09388531971,172.7786273198832
631,172.368,56.787,464.5713797391,169.19324360868288
632,32.953,56.857,572.5288013163001,188.98483203476152
633,58.817,57.027,536.4653811389,178.37299434174574
634,42.181,57.381,560.5832718316,185.9502282668469
635,24.181,57.468,588.4307172336001,194.32665979309866
636,245.616,57.689,574.2832353427,205.4740633503262
637,146.467,57.804,468.0823290539257,171.89344136542465
638,100.866,58.109,499.2495595872999,170.90551366904435
639,252.81,58.187,591.829676859,211.00500105344554
640,344.224,58.267,648.0301470057502,212.08752787682516
641,184.514,58.441,476.52871363639997,173.5953134215981
642,238.374,58.721,562.4948703043,202.82971444097117
643,279.137,58.725,646.2817420249199,221.93262658506202
644,331.422,58.855,663.7322821710442,217.2912921907868
645,80.293,58.882,518.98311107093,175.38708835411825
646,212.922,58.918,514.1474469111,186.067179984518
647,15.934,58.966,607.1496867113999,201.36286230523888
648,109.626,59.052,495.75339218051903,172.61777521263525
649,356.456,59.132,636.5484958061602,209.8727029409822
650,287.745,59.168,660.4506555814999,223.55390192228307
651,222.011,59.317,531.7995921350999,192.85535648782852
652,51.753,59.355,554.1364401666001,185.9433409504468
653,92.641,59.404,510.008789318836,174.09580626976617
654,204.326,59.619,502.7242936823,182.64374833791098
655,285.363,6.856,406.8651790389999,48.727797037014646
656,310.961,60.254,678.8053741163,224.1036566958008
657,259.438,60.293,614.4342062961999,219.26112297500345
658,165.247,60.313,472.51209618184004,175.77798681811134
659,303.607,60.339,677.6819635603,225.0885074472121
660,271.276,60.469,639.6314607486331,224.2529906933145
661,152.725,60.641,473.95124196785594,176.87402386274687
662,125.397,61.11,490.6186749018001,177.41946451195707
663,8.214,61.143,627.5368542353999,209.3818936578958
664,231.529,61.14,556.2359415710001,202.83205767682256
665,196.257,61.169,496.43927799069996,181.92263471789437
666,177.188,61.318,479.8672566667001,177.97744278761726
667,317.964,61.346,682.4543768132002,225.5033017584235
668,132.639,61.362,486.24619604259993,178.44247188623146
669,296.111,61.859,679.776785572,228.89810288825643
670,337.291,62.154,672.7060407601142,223.06011183884254
671,36.276,62.229,587.2641632140001,198.51093986216983
672,117.928,62.231,499.48547025839997,178.7299734403308
673,349.392,62.418,659.2927311033,219.45885382568832
674,85.861,62.648,525.88868686177,181.01269355638965
675,27.72,62.718,602.5087578142001,203.50560269074376
676,139.475,62.734,485.36505869308496,180.96754651394252
677,68.44,62.887,544.3180523586001,186.17265663618272
678,45.381,62.897,575.3231564078002,195.44655289658823
679,61.626,63.263,553.7755394083,189.27006300279865
680,188.695,63.364,493.9864012719001,183.21935263073044
681,324.477,63.396,688.1052085827819,228.62147521583665
682,0.959,63.823,648.5652272987002,217.7786705941157
683,102.878,63.958,516.0471718206601,181.05977588567964
684,265.007,64.067,640.4188513736,229.5758704246314
685,158.385,64.086,481.973063150142,182.45810515554678
686,19.707,64.086,620.1656802852999,209.85961258862199
687,75.09,64.181,540.74300402281,186.24403329377398
688,216.336,64.218,536.0166825528,197.92253820888934
689,248.198,64.473,603.9052059499002,221.09566645918972
690,170.234,64.542,484.8094522032,182.89735070320376
691,281.245,64.585,673.7842478573726,234.74924201741263
692,225.368,64.75,554.5509974595,204.78406216555788
693,207.899,64.812,522.9233790169,193.58527700245958
694,241.494,64.901,589.9685080865,217.1764541698354
695,145.797,65.012,487.867415936672,184.6558837459493
696,95.742,65.019,524.6522665855505,183.3006741893943
697,110.43,65.08,513.4779894308688,182.8462953710509
698,55.069,65.119,568.1388048544,195.03483533747527
699,288.681,65.187,686.1747991205999,235.94968464177873
700,254.797,65.754,623.0868332775201,227.56518217338203
701,342.588,65.954,680.8667972863999,228.51827340766454
702,181.569,66.033,494.7404275252,186.1118640618757
703,12.198,66.117,639.0375614814002,216.96997297702978
704,274.431,66.155,667.0834652942481,236.5223986194931
705,330.439,66.215,694.6878312706868,232.73009955570143
706,200.017,66.25,514.7323036792,191.73905165743383
707,303.442,66.591,703.4596026123002,237.53351075643837
708,310.599,66.763,705.5750824264999,237.11280946441138
709,235.081,66.817,581.1206882847999,215.56976297168922
710,354.064,66.858,669.20151040918,226.0659767740542
711,81.109,67.369,543.577918118,189.51548668193362
712,125.049,67.392,507.916879597,187.42204774319242
713,39.838,67.439,598.0100346221,205.7415237218249
714,31.324,67.841,612.9415331266,210.50067807901505
715,132.079,67.901,503.6486241052,188.78691539976896
716,295.876,67.933,703.3316279767,240.36553004053235
717,163.504,67.992,491.1167116808,188.02113059796355
718,151.57,68.009,492.3651098988866,188.69378504798468
719,317.269,68.109,709.2193378025,238.52605830460394
720,89.888,68.114,537.6412902526209,188.67003487841532
721,49.069,68.247,585.7468764953,202.53014301532025
722,117.555,68.314,516.3217159251,187.95340045568287
723,192.631,68.32,510.14605301809996,191.75549763603365
724,5.118,68.634,658.2445074825,224.31679388590072
725,174.772,69.032,497.0540047317,189.51549346572864
726,260.848,69.037,646.97866949345,236.36103347023723
727,23.419,69.13,629.7456180544001,216.3608129593728
728,220.012,69.34,556.2838302876002,208.2656388972688
729,138.591,69.518,502.26099546263,191.15708113385273
730,335.861,69.635,701.247733604842,237.03882075517032
731,65.606,69.645,566.3639019489999,197.54032153913937
732,269.082,69.728,667.4783868445801,240.9502780966601
733,211.567,69.864,541.5699764858,203.10912930501442
734,229.235,69.998,576.4607929630001,215.71676592254863
735,337.597,7.091,407.48044305559006,47.747478661246944
736,215.764,7.182,386.1719806591,41.57362768291809
737,123.618,7.251,381.0618583891501,30.51135810739597
738,347.397,70.125,688.5994632774099,233.74565264110345
739,72.182,70.226,559.94732001878,196.01470862039122
740,102.965,70.378,532.7664374471799,190.0610289541407
741,323.403,70.378,713.7981020307044,241.073571393785
742,59.272,70.804,577.4809787111999,201.53560127842107
743,185.656,70.848,508.67119389540005,193.26401967885045
744,16.033,71.073,647.4449591531,222.7492042133881
745,281.349,71.162,696.0142054611649,245.8282938899893
746,109.592,71.209,529.5234915970916,191.04069209376132
747,245.846,71.219,617.5307919633,230.15394719534493
748,203.752,71.242,531.4888037527999,200.24423561594338
749,287.89,71.392,705.9643151058999,246.11771954761699
750,358.367,71.49,677.01274527104,231.41590067798094
751,156.823,71.565,498.47111516031504,192.89929309652143
752,252.439,71.84,634.65235426405,235.529635472653
753,96.75,71.903,541.1228686214118,192.40942969940315
754,144.555,72.004,503.6629250427746,194.18104271103255
755,168.173,72.239,500.57024992686,193.16543149585814
756,239.565,72.394,605.4320365028999,226.9428395372604
757,43.783,72.431,604.3796412940002,210.5461881444019
758,302.161,72.598,722.7902442123,246.87228277833395
759,35.123,72.78,619.5659255234001,215.33432076280724
760,86.052,72.984,552.1555402920071,195.43641763679136
761,78.691,73.04,559.2050129831499,197.344919301922
762,309.327,73.0,725.8889558022,246.74091413509345
763,196.457,73.243,524.9141319901,199.06806552239195
764,329.001,73.373,718.543801009578,244.0232535582849
765,275.424,73.384,690.815608852605,247.8498573011633
766,53.446,73.388,591.5856601211001,207.13046040075793
767,9.071,73.489,665.1949008415,229.1615792993723
768,123.644,73.4,522.380573079,194.6689909969116
769,340.802,73.515,706.34825138115,240.56212708681886
770,178.984,73.69,508.55580959669,195.27322917781254
771,294.23,73.84,720.1422276474,248.93504357740875
772,27.198,74.039,635.8392294305,220.82933140214607
773,130.661,74.147,517.8211224076,196.20062074114819
774,115.848,74.18,530.6785875364,194.62392293347148
775,224.098,74.223,574.6264159624001,216.73472510810493
776,351.821,74.561,694.6176471816999,237.9245961647242
777,315.836,74.591,729.3590406647846,247.89292153974557
778,215.456,74.714,558.6299970122001,211.29152018700708
779,259.109,74.87,657.7079513121,243.2348767976716
780,233.828,75.01,597.6442663516001,225.31270387133273
781,265.945,75.101,674.3196047498299,246.85308394134466
782,149.99,75.169,506.6942952109519,197.2892819381372
783,161.622,75.548,505.10830921641195,196.7314687479029
784,189.574,75.691,520.9595456548001,199.05936645161998
785,19.846,75.95,652.5626175066001,226.57759915376514
786,137.008,76.008,515.6225027478366,198.2324650889901
787,91.846,76.042,553.2853512929753,197.3081686648413
788,207.584,76.081,546.7179809927002,207.41504331968608
789,2.422,76.231,682.3257908090999,235.23448339824637
790,64.831,76.453,581.7913608999999,205.40082652380715
791,71.495,76.456,573.6253734482001,202.95199276946548
792,172.495,76.725,509.57704626914,197.5627672064918
793,334.104,76.929,722.5179975112599,246.72938242571405
794,321.737,77.084,732.7537919662772,249.64015569358367
795,48.285,77.134,606.9603820896999,213.2216505955808
796,106.836,77.358,543.731446659149,196.96144905038375
797,39.249,77.467,622.4122267902001,218.04737488041727
798,100.59,77.579,549.1292707702648,197.46471228987096
799,345.344,77.736,710.5040836048,243.576858288776
800,285.005,77.759,717.6255317622622,253.37127870347885
801,245.515,77.911,630.6287691326002,237.2350997714634
802,252.319,77.997,647.3206042297999,242.1381689434694
803,200.294,78.071,538.0741786522001,205.07117691636472
804,299.751,78.203,735.2671636048981,253.14462261699
805,58.839,78.266,593.0167283761999,209.3566836832791
806,12.935,78.323,668.9861371004,232.18315923697145
807,182.987,78.439,518.8860514176299,199.94410650385714
808,271.051,78.563,692.82886768554,252.1223934619004
809,142.749,78.713,515.666615317622,200.5086173025057
810,31.162,78.747,638.2939481542,223.23335316869805
811,228.772,78.788,592.5474604733,224.52870811609841
812,307.169,78.836,739.69789502076,253.08508771784804
813,154.951,78.856,510.374136831273,199.84008400527307
814,278.706,78.895,709.5672085395502,254.19686463451418
815,121.172,78.978,534.1109146848,199.24116398009346
816,355.968,79.172,698.0788920158999,240.6811239250145
817,78.931,79.184,569.85421870781,202.78730292841897
818,219.699,79.289,574.3009956520001,218.22548509860692
819,290.967,79.421,729.6683509013438,254.89351373493858
820,85.078,79.611,564.6482230836081,201.4609639509545
821,112.646,79.659,542.5702258539001,198.80239306557596
822,239.506,79.721,618.8234152293999,233.942234849575
823,166.054,79.844,511.5066908453,199.8333414403152
824,128.396,79.977,528.8938594809999,200.78939635040095
825,327.088,80.269,735.18069074921,251.28353620233392
826,193.44,80.495,531.7794386844,203.82042960851945
827,23.748,80.682,654.0252542456,228.46437499493408
828,313.677,80.69,742.715108220799,253.79961901103025
829,211.628,80.701,560.2330454221,213.3383226274688
830,338.783,80.913,724.0411433886298,248.20846551164843
831,6.342,81.009,684.4116015925999,237.330882592965
832,260.288,81.165,671.6020187462999,249.3524186373909
833,176.575,81.366,517.44936353409,200.96334481767178
834,53.585,81.452,605.1753403977,213.82175705661757
835,94.459,81.486,559.2390159597292,200.72571303251485
836,43.848,81.814,620.9032916478001,218.69403755523481
837,147.953,82.063,516.4718914274573,202.40568803220046
838,134.729,82.104,525.6766705742999,202.54402182589357
839,349.581,82.202,711.9102077795999,245.2774907266714
840,73.042,82.325,580.1240500963899,206.47265774359497
841,204.249,82.736,549.3718496155998,209.87117920873698
842,266.261,82.794,687.7668374169,253.18014455659807
843,65.929,82.833,589.1802463359702,209.30235738852502
844,234.291,82.926,610.0013969674999,231.50932522812369
845,159.513,82.94,513.921018675396,201.86207687753773
846,16.822,83.071,668.9705278271,233.3393095453896
847,35.428,83.177,636.6712121024,223.74405435001583
848,296.078,83.206,740.17340525545,256.70272877299186
849,186.89,83.209,527.338066992,203.41378158867806
850,319.465,83.429,744.3601312939601,254.56118484240034
851,224.444,83.494,588.0945320094,223.69848894742196
852,254.543,83.672,660.0826047126,247.20582871646383
853,100.932,83.728,556.5406689725243,201.0178344590735
854,359.942,83.882,698.0500329553,241.7919753373433
855,117.52,83.931,542.9516260989,201.43772750680478
856,331.962,83.984,735.6169369549999,252.2171264102335
857,247.051,84.064,641.8048988647001,242.14285544000433
858,304.086,84.112,746.3461819171802,256.5736572581909
859,170.213,84.361,516.5782476354101,201.97938713051235
860,285.344,84.529,727.9168636288,257.69233968284453
861,107.396,84.552,551.8984059641709,200.97191053353816
862,278.139,84.886,715.8943751068,257.5600329214767
863,89.55,84.891,566.1519100807991,203.074177121221
864,216.001,85.019,572.0824634632999,218.27066337336436
865,140.356,85.053,523.2941726424875,203.7942147707761
866,197.358,85.197,540.4801515555,207.35073918390347
867,27.847,85.198,651.4385841984002,228.4790865456779
868,343.124,85.214,723.4448212094002,248.90365977420439
869,125.25,85.233,536.6487715924,202.87905136316797
870,60.094,85.245,598.87926424344,212.5773320090557
871,272.192,85.362,703.5303825354999,256.33914066634964
872,83.141,85.656,572.1281077313799,204.7583565368051
873,49.102,85.704,615.7283574084,217.70027466119845
874,10.234,85.759,682.3722262315001,237.61269505731622
875,152.701,85.907,516.8903515944329,203.37718514053904
876,180.517,86.087,523.26457320268,203.18282256720127
877,310.768,86.277,748.7955507852001,256.62785305234644
878,241.108,86.474,628.4770683332,238.2045251977426
879,353.611,86.829,709.6823918001999,245.3810310622262
880,324.658,86.832,743.5111608294999,254.74656714693486
881,208.428,87.166,558.6829338013001,213.58969417454216
882,77.195,87.21,578.66511061593,206.7514011620701
883,40.12,87.232,631.2713791129001,222.5849365651335
884,229.878,87.2,602.0724047272001,229.09374220063114
885,163.765,87.316,516.26180550276,202.90015694595846
886,290.78,87.326,737.5171780279999,258.4841175984846
887,20.833,87.663,664.6907964853999,232.66501271643642
888,131.724,87.678,531.5840278514,204.125150059249
889,190.796,87.933,532.9638661386999,205.46455074141934
890,112.407,87.977,549.3709157483,201.9199793211078
891,259.89,88.192,675.2738857194,251.52822114048502
892,336.446,88.1,733.0811035070001,252.0266945024451
893,68.804,88.284,588.49340711101,209.740532657473
894,299.989,88.618,746.191763432,257.8149641299174
895,145.408,88.619,521.1237005675356,204.44996786961661
896,3.847,88.621,693.9374327272001,241.1115844771026
897,97.146,88.739,561.6682457709486,202.53972136854964
898,220.826,88.931,582.7801932846,222.48863985373222
899,55.281,88.969,607.1253640811001,215.33745675113872
900,174.197,89.019,519.6778620944601,202.9671226447576
901,250.398,89.15,651.7150968102,245.49784427861925
902,316.549,89.307,748.1048463127,256.2806183478782
903,32.246,89.416,644.8988770631,226.81940332161093
904,121.144,89.711,541.7345314511,202.99153902025284
905,201.43,89.725,547.142529795,209.79270921058958
906,347.219,89.743,719.0673079097999,248.09005949623824
907,166.331,9.017,375.69637957684,37.755031129794205
908,85.988,9.997,383.09375783408996,38.71537440175388
909,282.584,90.036,725.3159850049,258.7214061725895
910,270.0,90.0,699.2382249322002,256.0997328970477
911,90.0,90.0,567.1778876921688,203.7412872898016
912,157.083,90.122,516.488129672693,203.55831178359506
913,236.288,90.22,616.9169702842,234.4634265518708
914,14.197,90.414,676.1723289614999,236.09146521540663
915,104.979,90.612,555.3318133522068,201.83917578580335
916,329.366,90.735,739.6239849181001,253.82835885332912
917,45.38,90.785,622.2579234662,219.9853748144713
918,184.421,90.82,526.7676905262799,204.11636240806337
919,137.331,90.919,526.5481685189436,204.43063458266508
920,307.063,91.189,748.5249496685,257.0942184026145
921,212.934,91.271,566.4885111033998,216.50588173409128
922,62.89,91.335,595.85088596198,211.98883929230442
923,357.532,91.544,703.2963669478,243.7610193649026
924,167.8,91.897,516.6256457278799,202.75922190541507
925,25.068,92.026,656.5769126922002,230.32555175919552
926,294.702,92.052,740.4734143766,257.7506812492251
927,73.468,92.193,582.4952448331301,207.9377651212589
928,244.235,92.236,635.25979535,240.50341479870903
929,226.245,92.299,592.8775598549,225.85925259081688
930,264.182,92.377,684.3531249581001,253.301233467258
931,92.675,92.449,564.384329656641,203.01449477210616
932,255.665,92.466,663.4670849626,248.53333840015918
933,276.813,92.503,712.9053048518999,257.469636380039
934,340.631,92.513,726.1719692169999,249.89824058997252
935,194.804,92.545,536.9443455245001,206.56845487243035
936,127.947,92.571,534.5931693483001,203.6398277889045
937,149.998,92.65,518.0165260912788,203.98896112063235
938,321.651,92.967,743.9280946371999,254.88183601085174
939,115.943,93.121,545.5446857135,201.979716902921
940,37.053,93.23,635.1773414196001,223.81758121391485
941,7.78,93.323,685.5646056086999,238.6417844475612
942,271.077,93.463,699.6364349687,255.6775695380255
943,80.343,93.506,574.4449992571499,205.57730153581082
944,51.387,93.661,611.3387357307001,216.5260630991995
945,178.103,93.748,520.4204601498199,202.70514467757923
946,287.796,93.896,730.5846127578301,257.58732311434466
947,205.753,94.001,552.1881743189998,211.3534442530258
948,100.086,94.135,557.8814463416754,201.6317186496465
949,351.164,94.419,710.5402542333001,245.52954393054674
950,312.94,94.581,745.40938386575,255.48052282415048
951,161.194,94.609,514.31289122295,202.47385460694974
952,142.287,94.742,521.1466671109981,203.73902939294828
953,18.328,94.902,666.0698030095999,232.90595402556488
954,232.441,94.933,604.9026235855,230.0440797985637
955,217.872,94.941,573.7431988427,219.02101757715528
956,86.168,94.982,568.0882947810301,203.6569486352276
957,109.349,94.991,549.8606419054413,201.00091944014503
958,333.696,95.014,732.02996369876,251.43225347071188
959,302.507,95.213,743.1285014740901,256.1033892080569
960,58.419,95.592,599.29831543814,212.71721606646338
961,188.385,95.5,527.8672747809499,203.86774584116802
962,29.621,96.068,645.2558635135999,226.57434923959732
963,67.089,96.09,587.1052651180601,209.04824999237997
964,133.621,96.175,526.9480592942,203.09355877775303
965,1.443,96.279,692.6764142290998,240.3245119349157
966,42.378,96.51,622.9355290793,219.77949174036925
967,248.745,96.533,642.1859930803001,242.07484635055997
968,239.708,96.535,620.2098555668,235.1606154733074
969,123.351,96.574,536.1092680807001,201.80719273831488
970,171.715,96.608,514.73735942708,201.32248449623847
971,199.01,96.97,538.9505367017999,206.69178402345707
972,154.234,97.028,513.1484102608189,202.05580741403577
973,326.234,97.096,735.49949254321,252.03924547719976
974,344.614,97.137,715.8538334369301,246.50117479194844
975,11.839,97.92,673.1388697140001,234.48094208683008
976,210.421,97.931,556.2139530485999,212.35256382522024
977,282.709,98.016,716.9788682928399,255.41464887759633
978,223.347,98.035,580.8613018729001,221.05106124962788
979,297.041,98.059,734.7904420251177,254.6754469405846
980,261.034,98.079,669.97131325621,248.8385488580078
981,182.03,98.481,518.9457880160501,201.1847850204788
982,318.002,98.556,737.6766628239709,252.42030721996295
983,267.65,98.576,684.76448033775,251.52362235376603
984,92.325,98.582,559.2193289158479,200.7622458013106
985,276.654,98.644,704.4184630387998,254.10316841791257
986,254.421,98.789,652.67145225208,244.4103181296577
987,72.487,98.987,577.1959985614899,205.57009886174362
988,146.75,98.998,514.2412923242459,201.67408736027727
989,48.34,99.079,609.9010901733,215.39386358048742
990,308.596,99.081,738.232506738,253.0624774624135
991,22.724,99.144,652.5627814843998,228.252021033023
992,355.056,99.174,697.7523710951,241.13914743081708
993,165.131,99.288,509.88660007984,200.02608582141002
994,290.576,99.291,725.9029313832247,254.26918386591737
995,78.782,99.312,570.01144873635,203.42520505040522
996,117.9,99.41,537.7573157092,199.60395045680087
997,337.75,99.572,720.20450334562,247.3084624776004
998,104.146,99.65,548.5581937157706,198.76638924819156
999,34.586,99.682,631.5173341240001,221.81370606092318
